date,unit_id,make,model,year,engine,mpghighway,mpgcity,tankSizeGallons,fuelcard_id,status,site_city,quantity,unit_of_measure,price,odometer,currency,site_state
"2024-04-14 01:25:32",88610,FORD,F-650,2015,6.7,NULL,NULL,0,9844,Active,Hobbs,16.102,G,62.78,80980,USD,NM
"2024-04-14 01:07:22",88610,FORD,F-650,2015,6.7,NULL,NULL,0,9844,Active,Hobbs,6.302,G,21.04,1,USD,NM
"2024-04-13 11:47:12",88610,FORD,F-650,2015,6.7,NULL,NULL,0,9844,Active,Hobbs,13.709,G,53.45,80823,USD,NM
"2024-04-12 01:18:45",88610,FORD,F-650,2015,6.7,NULL,NULL,0,9844,Active,Hobbs,6.358,G,21.36,1,USD,NM
"2024-04-12 00:43:28",88610,FORD,F-650,2015,6.7,NULL,NULL,0,9844,Active,Hobbs,20.976,G,75.49,80662,USD,NM
"2024-04-11 11:46:58",88610,FORD,F-650,2015,6.7,NULL,NULL,0,9844,Active,Hobbs,18.401,G,66.23,80508,USD,NM
"2024-04-10 11:37:22",88610,FORD,F-650,2015,6.7,NULL,NULL,0,9844,Active,Hobbs,15.278,G,54.99,80360,USD,NM
"2024-04-06 18:53:17",88610,FORD,F-650,2015,6.7,NULL,NULL,0,9844,Active,Hobbs,6.295,G,21.14,1,USD,NM
"2024-04-06 18:50:23",88610,FORD,F-650,2015,6.7,NULL,NULL,0,9844,Active,Hobbs,22.768,G,81.94,80182,USD,NM
"2024-04-06 12:53:00",88610,FORD,F-650,2015,6.7,NULL,NULL,0,9844,Active,Seminole,24.491,G,88.14,103544,USD,TX
"2024-04-04 03:26:10",88610,FORD,F-650,2015,6.7,NULL,NULL,0,9844,Active,Hobbs,5.658,G,19.23,1,USD,NM
"2024-04-04 03:23:32",88610,FORD,F-650,2015,6.7,NULL,NULL,0,9844,Active,Hobbs,20.291,G,73.03,103222,USD,NM
"2024-04-03 11:43:31",88610,FORD,F-650,2015,6.7,NULL,NULL,0,9844,Active,Hobbs,21.483,G,77.32,103063,USD,NM
"2024-04-02 11:45:56",88610,FORD,F-650,2015,6.7,NULL,NULL,0,9844,Active,Hobbs,25.528,G,91.88,102898,USD,NM
"2024-03-31 21:00:31",88610,FORD,F-650,2015,6.7,NULL,NULL,0,9844,Active,Hobbs,7.07,G,22.19,1,USD,NM
"2024-03-31 20:58:21",88610,FORD,F-650,2015,6.7,NULL,NULL,0,9844,Active,Hobbs,16.376,G,58.94,102606,USD,NM
"2024-03-31 11:43:22",88610,FORD,F-650,2015,6.7,NULL,NULL,0,9844,Active,Hobbs,18.634,G,67.06,102471,USD,NM
"2024-03-30 11:39:54",88610,FORD,F-650,2015,6.7,NULL,NULL,0,9844,Active,Hobbs,14.961,G,53.84,102335,USD,NM
"2024-03-29 01:36:46",88610,FORD,F-650,2015,6.7,NULL,NULL,0,9844,Active,Hobbs,17.68,G,63.63,102198,USD,NM
"2024-03-28 02:46:44",88610,FORD,F-650,2015,6.7,NULL,NULL,0,9844,Active,Hobbs,22.243,G,80.05,102035,USD,NM
"2024-03-27 11:35:28",88610,FORD,F-650,2015,6.7,NULL,NULL,0,9844,Active,Hobbs,19.248,G,71.78,101866,USD,NM
"2024-03-22 03:54:19",88610,FORD,F-650,2015,6.7,NULL,NULL,0,9844,Active,Hobbs,6.29,G,21.13,1,USD,NM
"2024-03-15 22:29:00",88610,FORD,F-650,2015,6.7,NULL,NULL,0,9844,Active,Lovington,26.454,G,105.79,150978,USD,NM
"2024-03-15 10:44:39",88610,FORD,F-650,2015,6.7,NULL,NULL,0,9844,Active,Hobbs,13.261,G,51.17,150817,USD,NM
"2024-03-14 16:20:19",88610,FORD,F-650,2015,6.7,NULL,NULL,0,9844,Active,Artesia,12.557,G,43.94,150712,USD,NM
"2024-03-14 04:35:08",88610,FORD,F-650,2015,6.7,NULL,NULL,0,9844,Active,Hobbs,14.961,G,57.73,150580,USD,NM
"2024-03-13 03:05:07",88610,FORD,F-650,2015,6.7,NULL,NULL,0,9844,Active,Hobbs,1.908,G,6.49,1,USD,NM
"2024-03-13 03:00:50",88610,FORD,F-650,2015,6.7,NULL,NULL,0,9844,Active,Hobbs,24.357,G,93.99,150426,USD,NM
"2024-03-12 11:12:01",88610,FORD,F-650,2015,6.7,NULL,NULL,0,9844,Active,Hobbs,19.692,G,76.39,150239,USD,NM
"2024-03-07 11:53:44",88610,FORD,F-650,2015,6.7,NULL,NULL,0,9844,Active,Hobbs,17.012,G,76.09,150059,USD,NM
"2024-03-05 11:21:21",88610,FORD,F-650,2015,6.7,NULL,NULL,0,9844,Active,Hobbs,11.053,G,43.1,149741,USD,NM
"2024-03-04 01:58:15",88610,FORD,F-650,2015,6.7,NULL,NULL,0,9844,Active,Hobbs,4.174,G,15.31,728,USD,NM
"2024-03-03 23:09:27",88610,FORD,F-650,2015,6.7,NULL,NULL,0,9844,Active,Hobbs,28.917,G,112.75,149569,USD,NM
"2024-03-03 11:34:34",88610,FORD,F-650,2015,6.7,NULL,NULL,0,9844,Active,Hobbs,17.854,G,79.79,149403,USD,NM
"2024-03-02 11:26:27",88610,FORD,F-650,2015,6.7,NULL,NULL,0,9844,Active,Hobbs,17.814,G,69.46,142936,USD,NM
"2024-03-01 11:19:55",88610,FORD,F-650,2015,6.7,NULL,NULL,0,9844,Active,Hobbs,18.484,G,72.07,149074,USD,NM
"2024-02-28 13:09:39",88610,FORD,F-650,2015,6.7,NULL,NULL,0,9844,Active,Loving,22.612,G,90.43,148914,USD,NM
"2024-02-20 03:39:06",88610,FORD,F-650,2015,6.7,NULL,NULL,0,9844,Active,Hobbs,4.764,G,14.29,1,USD,NM
"2024-02-20 03:33:24",88610,FORD,F-650,2015,6.7,NULL,NULL,0,9844,Active,Hobbs,24.952,G,111.01,148715,USD,NM
"2024-02-19 03:10:59",88610,FORD,F-650,2015,6.7,NULL,NULL,0,9844,Active,Hobbs,17.331,G,77.49,148522,USD,NM
"2024-02-13 02:26:53",88610,FORD,F-650,2015,6.7,NULL,NULL,0,9844,Active,Hobbs,20.214,G,80.84,148341,USD,NM
"2024-02-13 02:23:56",88610,FORD,F-650,2015,6.7,NULL,NULL,0,9844,Active,Hobbs,5.316,G,16.47,148341,USD,NM
"2024-02-09 17:42:00",88610,FORD,F-650,2015,6.7,NULL,NULL,0,9844,Active,Lovington,27.806,G,111.2,1,USD,NM
"2024-02-08 11:37:02",88610,FORD,F-650,2015,6.7,NULL,NULL,0,9844,Active,Hobbs,23.685,G,103.07,147935,USD,NM
"2024-02-07 11:39:30",88610,FORD,F-650,2015,6.7,NULL,NULL,0,9844,Active,Hobbs,7.983,G,31.13,147762,USD,NM
"2024-02-05 23:33:26",88610,FORD,F-650,2015,6.7,NULL,NULL,0,9844,Active,Hobbs,46.945,G,187.73,145871,USD,NM
"2024-02-01 11:37:25",88610,FORD,F-650,2015,6.7,NULL,NULL,0,9844,Active,Hobbs,8.138,G,36.24,147037,USD,NM
"2024-01-31 01:29:27",88610,FORD,F-650,2015,6.7,NULL,NULL,0,9844,Active,Hobbs,7.829,G,24.26,1,USD,NM
"2024-01-31 01:12:01",88610,FORD,F-650,2015,6.7,NULL,NULL,0,9844,Active,Hobbs,25.843,G,103.35,146862,USD,NM
"2024-01-27 20:35:45",88610,FORD,F-650,2015,6.7,NULL,NULL,0,9844,Active,Hobbs,13.003,G,40.3,1,USD,NM
"2024-01-27 20:27:26",88610,FORD,F-650,2015,6.7,NULL,NULL,0,9844,Active,Hobbs,26.757,G,104.33,146703,USD,NM
"2024-01-25 01:28:53",88610,FORD,F-650,2015,6.7,NULL,NULL,0,9844,Active,Hobbs,21.558,G,79.74,146541,USD,NM
"2024-01-22 11:28:41",88610,FORD,F-650,2015,6.7,NULL,NULL,0,9844,Active,Hobbs,21.449,G,93.46,145988,USD,NM
"2024-01-21 01:04:34",88610,FORD,F-650,2015,6.7,NULL,NULL,0,9844,Active,Hobbs,18.458,G,69.57,145808,USD,NM
"2024-01-16 02:28:22",88610,FORD,F-650,2015,6.7,NULL,NULL,0,9844,Active,Hobbs,9.73,G,36.96,144967,USD,NM
"2024-01-12 20:27:05",88610,FORD,F-650,2015,6.7,NULL,NULL,0,9844,Active,Hobbs,11.224,G,30.18,1,USD,NM
"2024-01-12 20:21:55",88610,FORD,F-650,2015,6.7,NULL,NULL,0,9844,Active,Hobbs,21.811,G,83.73,144961,USD,NM
"2024-01-12 11:30:49",88610,FORD,F-650,2015,6.7,NULL,NULL,0,9844,Active,Hobbs,15.75,G,60.46,232399,USD,NM
"2024-01-11 00:45:54",88610,FORD,F-650,2015,6.7,NULL,NULL,0,9844,Active,Hobbs,21.398,G,82.15,232730,USD,NM
"2024-01-10 03:28:42",88610,FORD,F-650,2015,6.7,NULL,NULL,0,9844,Active,Hobbs,26.175,G,100.49,232399,USD,NM
"2024-01-08 16:01:17",88610,FORD,F-650,2015,6.7,NULL,NULL,0,9844,Active,Hobbs,8.407,G,23.03,1,USD,NM
"2024-01-07 05:18:54",88610,FORD,F-650,2015,6.7,NULL,NULL,0,9844,Active,Hobbs,23.991,G,92.58,232080,USD,NM
"2024-01-04 03:15:40",88610,FORD,F-650,2015,6.7,NULL,NULL,0,9844,Active,Hobbs,34.022,G,131.29,231263,USD,NM
"2024-01-03 02:51:42",88610,FORD,F-650,2015,6.7,NULL,NULL,0,9844,Active,Hobbs,25.584,G,98.73,231006,USD,NM
"2023-12-29 15:04:15",88610,FORD,F-650,2015,6.7,NULL,NULL,0,9844,Active,Hobbs,7.589,G,21.01,1,USD,NM
"2023-12-28 23:24:34",88610,FORD,F-650,2015,6.7,NULL,NULL,0,9844,Active,Hobbs,12.664,G,35.45,1,USD,NM
"2023-12-28 23:20:24",88610,FORD,F-650,2015,6.7,NULL,NULL,0,9844,Active,Hobbs,21.959,G,85.18,230739,USD,NM
"2023-12-26 01:36:10",88610,FORD,F-650,2015,6.7,NULL,NULL,0,9844,Active,Hobbs,28.134,G,110.26,230157,USD,NM
"2023-12-22 01:17:57",88610,FORD,F-650,2015,6.7,NULL,NULL,0,9844,Active,Hobbs,18.116,G,71,229870,USD,NM
"2023-12-20 23:27:01",88610,FORD,F-650,2015,6.7,NULL,NULL,0,9844,Active,Hobbs,10.833,G,42.67,229579,USD,NM
"2023-12-20 02:04:32",88610,FORD,F-650,2015,6.7,NULL,NULL,0,9844,Active,Hobbs,18.841,G,74.59,229316,USD,NM
"2023-12-19 01:47:41",88610,FORD,F-650,2015,6.7,NULL,NULL,0,9844,Active,Hobbs,11.726,G,30.01,1,USD,NM
"2023-12-19 01:46:41",88610,FORD,F-650,2015,6.7,NULL,NULL,0,9844,Active,Hobbs,14.325,G,57,229046,USD,NM
"2023-12-14 15:22:02",88610,FORD,F-650,2015,6.7,NULL,NULL,0,9844,Active,Loving,8.256,G,35.49,1,USD,NM
"2023-12-12 23:23:45",88610,FORD,F-650,2015,6.7,NULL,NULL,0,9844,Active,Hobbs,15.716,G,65.99,228576,USD,NM
"2023-12-12 04:33:06",88610,FORD,F-650,2015,6.7,NULL,NULL,0,9844,Active,Hobbs,7.58,G,20,1,USD,NM
"2023-12-12 01:20:08",88610,FORD,F-650,2015,6.7,NULL,NULL,0,9844,Active,Hobbs,19.674,G,82.61,228305,USD,NM
"2023-12-10 23:42:48",88610,FORD,F-650,2015,6.7,NULL,NULL,0,9844,Active,Hobbs,18.88,G,79.28,141701,USD,NM
"2023-12-09 23:17:34",88610,FORD,F-650,2015,6.7,NULL,NULL,0,9844,Active,Hobbs,20.619,G,86.58,141521,USD,NM
"2023-12-09 01:54:21",88610,FORD,F-650,2015,6.7,NULL,NULL,0,9844,Active,Hobbs,22.029,G,94.7,227497,USD,NM
"2023-12-07 23:25:26",88610,FORD,F-650,2015,6.7,NULL,NULL,0,9844,Active,Hobbs,13.369,G,57.47,141190,USD,NM
"2023-12-07 12:06:22",88610,FORD,F-650,2015,6.7,NULL,NULL,0,9844,Active,Hobbs,18.011,G,77.43,141038,USD,NM
"2023-12-06 12:00:57",88610,FORD,F-650,2015,6.7,NULL,NULL,0,9844,Active,Hobbs,20.254,G,87.07,140877,USD,NM
"2023-12-05 12:06:09",88610,FORD,F-650,2015,6.7,NULL,NULL,0,9844,Active,Hobbs,23.045,G,99.07,140716,USD,NM
"2023-11-30 13:37:00",88610,FORD,F-650,2015,6.7,NULL,NULL,0,9844,Active,Hobbs,12.606,G,55.45,140525,USD,NM
"2023-11-29 22:36:00",88610,FORD,F-650,2015,6.7,NULL,NULL,0,9844,Active,Hobbs,6.857,G,30.16,146056,USD,NM
"2023-11-29 13:50:55",88610,FORD,F-650,2015,6.7,NULL,NULL,0,9844,Active,Hobbs,33.309,G,146.53,140359,USD,NM
"2023-11-27 02:07:16",88610,FORD,F-650,2015,6.7,NULL,NULL,0,9844,Active,Hobbs,31.42,G,138.22,1,USD,NM
"2023-11-26 12:04:00",88610,FORD,F-650,2015,6.7,NULL,NULL,0,9844,Active,Hobbs,23.864,G,104.98,139764,USD,NM
"2023-11-25 11:56:50",88610,FORD,F-650,2015,6.7,NULL,NULL,0,9844,Active,Hobbs,20.791,G,91.46,139560,USD,NM
"2023-11-22 04:16:41",88610,FORD,F-650,2015,6.7,NULL,NULL,0,9844,Active,Hobbs,18.392,G,80.91,139367,USD,NM
"2023-11-21 01:43:10",88610,FORD,F-650,2015,6.7,NULL,NULL,0,9844,Active,Hobbs,14.773,G,64.99,139204,USD,NM
"2023-11-20 14:24:38",88610,FORD,F-650,2015,6.7,NULL,NULL,0,9844,Active,Eunice,31.592,G,151.28,139034,USD,NM
"2023-11-18 12:02:00",88610,FORD,F-650,2015,6.7,NULL,NULL,0,9844,Active,Seminole,12.706,G,54.62,138819,USD,TX
"2023-11-17 13:58:20",88610,FORD,F-650,2015,6.7,NULL,NULL,0,9844,Active,Hobbs,22.344,G,98.29,138652,USD,NM
"2023-11-15 23:44:27",88610,FORD,F-650,2015,6.7,NULL,NULL,0,9844,Active,Hobbs,8.094,G,25,1,USD,NM
"2023-11-15 23:38:54",88610,FORD,F-650,2015,6.7,NULL,NULL,0,9844,Active,Hobbs,15.926,G,70.06,138463,USD,NM
"2023-11-15 12:32:45",88610,FORD,F-650,2015,6.7,NULL,NULL,0,9844,Active,Hobbs,24.867,G,111.88,138289,USD,NM
"2023-11-13 23:21:36",88610,FORD,F-650,2015,6.7,NULL,NULL,0,9844,Active,Hobbs,17.419,G,78.37,138090,USD,NM
"2023-11-13 11:49:37",88610,FORD,F-650,2015,6.7,NULL,NULL,0,9844,Active,Hobbs,19.279,G,86.74,137898,USD,NM
"2023-11-11 14:10:43",88610,FORD,F-650,2015,6.7,NULL,NULL,0,9844,Active,Hobbs,18.52,G,83.32,137537,USD,NM
"2023-11-10 03:21:14",88610,FORD,F-650,2015,6.7,NULL,NULL,0,9844,Active,Hobbs,19.046,G,85.69,137337,USD,NM
"2023-11-09 14:14:05",88610,FORD,F-650,2015,6.7,NULL,NULL,0,9844,Active,Hobbs,21.688,G,97.57,137150,USD,NM
"2023-11-04 19:26:40",88610,FORD,F-650,2015,6.7,NULL,NULL,0,9844,Active,Hobbs,6.252,G,20,1,USD,NM
"2023-11-04 19:24:02",88610,FORD,F-650,2015,6.7,NULL,NULL,0,9844,Active,Hobbs,20.395,G,93.8,136776,USD,NM
"2023-11-01 22:27:16",88610,FORD,F-650,2015,6.7,NULL,NULL,0,9844,Active,Hobbs,13.054,G,60.04,136608,USD,NM
"2023-11-01 02:58:49",88610,FORD,F-650,2015,6.7,NULL,NULL,0,9844,Active,Hobbs,24.57,G,113,136438,USD,NM
"2023-10-30 22:44:25",88610,FORD,F-650,2015,6.7,NULL,NULL,0,9844,Active,Hobbs,18.483,G,85,136242,USD,NM
"2023-10-30 13:04:36",88610,FORD,F-650,2015,6.7,NULL,NULL,0,9844,Active,Hobbs,25.451,G,117.05,136077,USD,NM
"2023-10-30 00:05:57",88610,FORD,F-650,2015,6.7,NULL,NULL,0,9844,Active,Hobbs,7.909,G,26.01,1,USD,NM
"2023-10-28 23:49:36",88610,FORD,F-650,2015,6.7,NULL,NULL,0,9844,Active,Hobbs,16.923,G,77.83,135877,USD,NM
"2023-10-28 12:58:56",88610,FORD,F-650,2015,6.7,NULL,NULL,0,9844,Active,Hobbs,22.126,G,101.76,135704,USD,NM
"2023-10-27 13:04:30",88610,FORD,F-650,2015,6.7,NULL,NULL,0,9844,Active,Hobbs,18.921,G,87.02,135536,USD,NM
"2023-10-26 13:19:00",88610,FORD,F-650,2015,6.7,NULL,NULL,0,9844,Active,Hobbs,27.767,G,119.37,1,USD,NM
"2023-10-25 02:15:00",88610,FORD,F-650,2015,6.7,NULL,NULL,0,9844,Active,Hobbs,3.955,G,15.03,1,USD,NM
"2023-10-25 02:14:02",88610,FORD,F-650,2015,6.7,NULL,NULL,0,9844,Active,Hobbs,20.44,G,94,135157,USD,NM
"2023-10-24 11:28:16",88610,FORD,F-650,2015,6.7,NULL,NULL,0,9844,Active,Hobbs,14.937,G,65.71,134968,USD,NM
"2023-10-18 00:05:55",88610,FORD,F-650,2015,6.7,NULL,NULL,0,9844,Active,Hobbs,20.459,G,90,134387,USD,NM
"2023-10-16 22:33:05",88610,FORD,F-650,2015,6.7,NULL,NULL,0,9844,Active,Hobbs,7.893,G,25.01,1,USD,NM
"2023-10-15 10:22:54",88610,FORD,F-650,2015,6.7,NULL,NULL,0,9844,Active,Hobbs,22.154,G,97.46,134055,USD,NM
"2023-10-14 10:27:09",88610,FORD,F-650,2015,6.7,NULL,NULL,0,9844,Active,Hobbs,18.97,G,83.45,133868,USD,NM
"2023-10-13 02:04:10",88610,FORD,F-650,2015,6.7,NULL,NULL,0,9844,Active,Hobbs,15.516,G,68.25,133700,USD,NM
"2023-10-11 22:58:41",88610,FORD,F-650,2015,6.7,NULL,NULL,0,9844,Active,Hobbs,12.857,G,41.9,133529,USD,NM
"2023-10-11 01:18:02",88610,FORD,F-650,2015,6.7,NULL,NULL,0,9844,Active,Hobbs,17.101,G,75.23,133332,USD,NM
"2023-10-10 12:49:13",88610,FORD,F-650,2015,6.7,NULL,NULL,0,9844,Active,Hobbs,19.974,G,87.87,133133,USD,NM
"2023-10-04 23:27:09",88610,FORD,F-650,2015,6.7,NULL,NULL,0,9844,Active,Hobbs,23.017,G,101.25,132974,USD,NM
"2023-10-02 22:51:05",88610,FORD,F-650,2015,6.7,NULL,NULL,0,9844,Active,Hobbs,27.225,G,119.76,132396,USD,NM
"2023-09-30 22:51:24",88610,FORD,F-650,2015,6.7,NULL,NULL,0,9844,Active,Hobbs,20.392,G,89.7,132013,USD,NM
"2023-09-29 23:32:19",88610,FORD,F-650,2015,6.7,NULL,NULL,0,9844,Active,Hobbs,27.138,G,119.38,131844,USD,NM
"2023-09-28 22:30:33",88610,FORD,F-650,2015,6.7,NULL,NULL,0,9844,Active,Hobbs,20.678,G,90.96,131587,USD,NM
"2023-09-27 22:33:04",88610,FORD,F-650,2015,6.7,NULL,NULL,0,9844,Active,Hobbs,5.733,G,19.72,0,USD,NM
"2023-09-27 22:28:20",88610,FORD,F-650,2015,6.7,NULL,NULL,0,9844,Active,Hobbs,16.729,G,73.59,131396,USD,NM
"2023-09-26 22:40:15",88610,FORD,F-650,2015,6.7,NULL,NULL,0,9844,Active,Hobbs,34.46,G,151.59,131224,USD,NM
"2023-09-20 22:35:26",88610,FORD,F-650,2015,6.7,NULL,NULL,0,9844,Active,Hobbs,18.024,G,79.29,130889,USD,NM
"2023-09-19 22:28:42",88610,FORD,F-650,2015,6.7,NULL,NULL,0,9844,Active,Hobbs,22.548,G,99.19,130721,USD,NM
"2023-09-19 00:10:44",88610,FORD,F-650,2015,6.7,NULL,NULL,0,9844,Active,Hobbs,17.388,G,76.49,130510,USD,NM
"2023-09-17 22:10:22",88610,FORD,F-650,2015,6.7,NULL,NULL,0,9844,Active,Hobbs,20.064,G,88.26,130348,USD,NM
"2023-09-16 23:00:18",88610,FORD,F-650,2015,6.7,NULL,NULL,0,9844,Active,Hobbs,18.98,G,83.49,130180,USD,NM
"2023-09-16 10:30:00",88610,FORD,F-650,2015,6.7,NULL,NULL,0,9844,Active,Lovington,23.664,G,104.1,120002,USD,NM
"2023-09-14 23:01:00",88610,FORD,F-650,2015,6.7,NULL,NULL,0,9844,Active,Lovington,17.867,G,78.6,129798,USD,NM
"2023-09-13 22:47:00",88610,FORD,F-650,2015,6.7,NULL,NULL,0,9844,Active,Lovington,19.413,G,85.4,129623,USD,NM
"2023-09-12 22:51:00",88610,FORD,F-650,2015,6.7,NULL,NULL,0,9844,Active,Lovington,19.913,G,87.6,129438,USD,NM
"2023-09-09 22:39:00",88610,FORD,F-650,2015,6.7,NULL,NULL,0,9844,Active,Lovington,20.561,G,87.57,129254,USD,NM
"2023-09-09 00:14:00",88610,FORD,F-650,2015,6.7,NULL,NULL,0,9844,Active,Lovington,19.084,G,81.28,129064,USD,NM
"2023-09-07 22:53:00",88610,FORD,F-650,2015,6.7,NULL,NULL,0,9844,Active,Lovington,16.492,G,70.24,128864,USD,NM
"2023-09-06 23:06:00",88610,FORD,F-650,2015,6.7,NULL,NULL,0,9844,Active,Lovington,17.839,G,75.98,128701,USD,NM
"2023-09-05 22:48:00",88610,FORD,F-650,2015,6.7,NULL,NULL,0,9844,Active,Lovington,16.847,G,74.11,128523,USD,NM
"2023-09-05 10:28:00",88610,FORD,F-650,2015,6.7,NULL,NULL,0,9844,Active,Lovington,22.059,G,97.04,128381,USD,NM
"2023-09-03 22:53:00",88610,FORD,F-650,2015,6.7,NULL,NULL,0,9844,Active,Lovington,19.706,G,86.69,128161,USD,NM
"2023-09-02 22:55:00",88610,FORD,F-650,2015,6.7,NULL,NULL,0,9844,Active,Lovington,17.654,G,77.66,127969,USD,NM
"2023-09-01 22:56:00",88610,FORD,F-650,2015,6.7,NULL,NULL,0,9844,Active,Lovington,19.818,G,87.18,127795,USD,NM
"2023-09-01 10:31:00",88610,FORD,F-650,2015,6.7,NULL,NULL,0,9844,Active,Lovington,17.424,G,76.65,127605,USD,NM
"2023-08-31 10:14:00",88610,FORD,F-650,2015,6.7,NULL,NULL,0,9844,Active,Lovington,20.9,G,91.94,127426,USD,NM
"2023-08-29 23:04:00",88610,FORD,F-650,2015,6.7,NULL,NULL,0,9844,Active,Lovington,19.495,G,81.86,127248,USD,NM
"2023-08-25 22:57:00",88610,FORD,F-650,2015,6.7,NULL,NULL,0,9844,Active,Lovington,18.844,G,79.13,127058,USD,NM
"2023-08-24 22:56:00",88610,FORD,F-650,2015,6.7,NULL,NULL,0,9844,Active,Lovington,17.711,G,72.6,126881,USD,NM
"2023-08-23 22:57:00",88610,FORD,F-650,2015,6.7,NULL,NULL,0,9844,Active,Lovington,18.314,G,75.07,126709,USD,NM
"2023-08-22 23:00:00",88610,FORD,F-650,2015,6.7,NULL,NULL,0,9844,Active,Lovington,17.897,G,73.36,126529,USD,NM
"2023-08-21 23:08:00",88610,FORD,F-650,2015,6.7,NULL,NULL,0,9844,Active,Lovington,20.909,G,85.71,126350,USD,NM
"2023-08-17 10:12:00",88610,FORD,F-650,2015,6.7,NULL,NULL,0,9844,Active,Lovington,19.765,G,81.02,125957,USD,NM
"2023-08-16 10:04:00",88610,FORD,F-650,2015,6.7,NULL,NULL,0,9844,Active,Lovington,18.553,G,76.05,125757,USD,NM
"2023-08-15 10:01:00",88610,FORD,F-650,2015,6.7,NULL,NULL,0,9844,Active,Lovington,25.081,G,102.81,125582,USD,NM
"2023-08-14 10:13:00",88610,FORD,F-650,2015,6.7,NULL,NULL,0,9844,Active,Lovington,25.533,G,104.66,125332,USD,NM
"2023-08-11 09:50:00",88610,FORD,F-650,2015,6.7,NULL,NULL,0,9844,Active,Lovington,23.46,G,93.82,125081,USD,NM
"2023-08-10 10:07:51",88610,FORD,F-650,2015,6.7,NULL,NULL,0,9844,Active,Lovington,21.797,G,87.17,124855,USD,NM
"2023-08-09 09:51:00",88610,FORD,F-650,2015,6.7,NULL,NULL,0,9844,Active,Lovington,27.526,G,110.08,124638,USD,NM
"2023-08-08 09:47:00",88610,FORD,F-650,2015,6.7,NULL,NULL,0,9844,Active,Lovington,18.899,G,75.58,124368,USD,NM
"2023-08-07 09:46:00",88610,FORD,F-650,2015,6.7,NULL,NULL,0,9844,Active,Lovington,26.634,G,106.51,124182,USD,NM
"2023-08-06 10:19:00",88610,FORD,F-650,2015,6.7,NULL,NULL,0,9844,Active,Lovington,20.222,G,80.87,123947,USD,NM
"2023-08-05 10:21:00",88610,FORD,F-650,2015,6.7,NULL,NULL,0,9844,Active,Lovington,28.484,G,113.91,123763,USD,NM
"2023-08-04 10:26:00",88610,FORD,F-650,2015,6.7,NULL,NULL,0,9844,Active,Lovington,19.164,G,76.64,123483,USD,NM
"2023-08-03 10:31:00",88610,FORD,F-650,2015,6.7,NULL,NULL,0,9844,Active,Lovington,19.302,G,77.19,123294,USD,NM
"2023-08-02 10:38:00",88610,FORD,F-650,2015,6.7,NULL,NULL,0,9844,Active,Lovington,20.48,G,81.9,123111,USD,NM
"2023-08-01 10:30:00",88610,FORD,F-650,2015,6.7,NULL,NULL,0,9844,Active,Lovington,17.17,G,65.23,122910,USD,NM
"2023-07-28 10:35:00",88610,FORD,F-650,2015,6.7,NULL,NULL,0,9844,Active,Lovington,18.344,G,69.69,122731,USD,NM
"2023-07-27 10:30:00",88610,FORD,F-650,2015,6.7,NULL,NULL,0,9844,Active,Lovington,18.502,G,70.29,122549,USD,NM
"2023-07-26 10:36:00",88610,FORD,F-650,2015,6.7,NULL,NULL,0,9844,Active,Lovington,20.629,G,78.37,122367,USD,NM
"2023-07-25 12:04:41",88610,FORD,F-650,2015,6.7,NULL,NULL,0,9844,Active,Loving,22.67,G,86.12,1,USD,NM
"2023-07-25 10:27:40",88610,FORD,F-650,2015,6.7,NULL,NULL,0,9844,Active,Lovington,19.634,G,74.59,122155,USD,NM
"2023-07-24 10:30:01",88610,FORD,F-650,2015,6.7,NULL,NULL,0,9844,Active,Lovington,20.965,G,79.65,121962,USD,NM
"2023-07-23 10:28:48",88610,FORD,F-650,2015,6.7,NULL,NULL,0,9844,Active,Lovington,17.487,G,66.43,121762,USD,NM
"2023-07-22 10:18:05",88610,FORD,F-650,2015,6.7,NULL,NULL,0,9844,Active,Lovington,21.859,G,83.04,121585,USD,NM
"2023-07-21 10:29:06",88610,FORD,F-650,2015,6.7,NULL,NULL,0,9844,Active,Lovington,17.399,G,66.1,121392,USD,NM
"2023-07-20 10:31:29",88610,FORD,F-650,2015,6.7,NULL,NULL,0,9844,Active,Lovington,18.393,G,69.88,121210,USD,NM
"2023-07-20 10:28:00",88610,FORD,F-650,2015,6.7,NULL,NULL,0,9844,Active,Lovington,0.182,G,0.65,121210,USD,NM
"2023-07-19 10:31:00",88610,FORD,F-650,2015,6.7,NULL,NULL,0,9844,Active,Lovington,0.303,G,1.08,121030,USD,NM
"2023-07-19 10:27:36",88610,FORD,F-650,2015,6.7,NULL,NULL,0,9844,Active,Lovington,18.272,G,69.42,121030,USD,NM
"2023-07-18 10:24:00",88610,FORD,F-650,2015,6.7,NULL,NULL,0,9844,Active,Lovington,0.272,G,0.97,120849,USD,NM
"2023-07-18 10:21:49",88610,FORD,F-650,2015,6.7,NULL,NULL,0,9844,Active,Lovington,19.675,G,74.75,120849,USD,NM
"2023-07-14 11:15:00",88610,FORD,F-650,2015,6.7,NULL,NULL,0,9844,Active,Lovington,17.721,G,63.07,120671,USD,NM
"2023-07-13 11:02:00",88610,FORD,F-650,2015,6.7,NULL,NULL,0,9844,Active,Lovington,19.387,G,69,120487,USD,NM
"2023-07-12 11:13:46",88610,FORD,F-650,2015,6.7,NULL,NULL,0,9844,Active,Lovington,15.352,G,55.25,120388,USD,NM
"2023-07-12 11:11:00",88610,FORD,F-650,2015,6.7,NULL,NULL,0,9844,Active,Lovington,1.177,G,4.19,120388,USD,NM
"2023-07-12 11:11:00",88610,FORD,F-650,2015,6.7,NULL,NULL,0,9844,Active,Lovington,1.177,G,4.19,120388,USD,NM
"2018-09-15 14:07:48",88610,FORD,F-650,2015,6.7,NULL,NULL,0,9844,Active,Odessa,25.151,G,74.17,168943,USD,TX
"2018-08-29 18:55:16",88610,FORD,F-650,2015,6.7,NULL,NULL,0,9844,Active,Crane,24.518,G,75,167938,USD,TX
"2018-08-15 21:37:00",88610,FORD,F-650,2015,6.7,NULL,NULL,0,9844,Active,Odessa,22.775,G,70.58,166915,USD,TX
"2018-08-09 11:51:00",88610,FORD,F-650,2015,6.7,NULL,NULL,0,9844,Active,Odessa,16.248,G,50.35,166258,USD,TX
"2018-08-08 11:26:37",88610,FORD,F-650,2015,6.7,NULL,NULL,0,9844,Active,Odessa,20.475,G,61.4,166206,USD,TX
"2018-08-02 23:44:00",88610,FORD,F-650,2015,6.7,NULL,NULL,0,9844,Active,Odessa,19.319,G,57.94,165938,USD,TX
"2018-08-01 11:12:00",88610,FORD,F-650,2015,6.7,NULL,NULL,0,9844,Active,Odessa,18.464,G,57.22,165791,USD,TX
"2018-07-25 13:19:05",88610,FORD,F-650,2015,6.7,NULL,NULL,0,9844,Active,Odessa,17.174,G,53.22,165082,USD,TX
"2018-07-19 21:12:00",88610,FORD,F-650,2015,6.7,NULL,NULL,0,9844,Active,Crane,17.339,G,52,164635,USD,TX
"2018-07-12 11:44:00",88610,FORD,F-650,2015,6.7,NULL,NULL,0,9844,Active,Odessa,16.03,G,50,163985,USD,TX
"2018-07-11 21:58:19",88610,FORD,F-650,2015,6.7,NULL,NULL,0,9844,Active,Odessa,7.802,G,24.65,1,USD,TX
"2018-07-05 22:30:17",88610,FORD,F-650,2015,6.7,NULL,NULL,0,9844,Active,Odessa,10.68,G,32.67,1,USD,TX
"2018-07-05 11:30:00",88610,FORD,F-650,2015,6.7,NULL,NULL,0,9844,Active,Odessa,19.948,G,62.22,163618,USD,TX
"2018-07-03 21:03:00",88610,FORD,F-650,2015,6.7,NULL,NULL,0,9844,Active,Odessa,8.572,G,26.56,163544,USD,TX
"2018-07-03 11:49:00",88610,FORD,F-650,2015,6.7,NULL,NULL,0,9844,Active,Odessa,19.599,G,61.13,163430,USD,TX
"2018-07-02 12:46:07",88610,FORD,F-650,2015,6.7,NULL,NULL,0,9844,Active,Odessa,1.155,G,3.53,1,USD,TX
"2018-07-02 11:42:19",88610,FORD,F-650,2015,6.7,NULL,NULL,0,9844,Active,Odessa,17.632,G,54.47,163265,USD,TX
"2018-06-28 12:36:41",88610,FORD,F-650,2015,6.7,NULL,NULL,0,9844,Active,Odessa,16.756,G,51.59,163148,USD,TX
"2018-06-28 12:29:29",88610,FORD,F-650,2015,6.7,NULL,NULL,0,9844,Active,Odessa,22.065,G,76.25,55410,USD,TX
"2018-06-26 21:31:18",88610,FORD,F-650,2015,6.7,NULL,NULL,0,9844,Active,Odessa,9.05,G,27.68,1,USD,TX
"2018-06-25 13:57:40",88610,FORD,F-650,2015,6.7,NULL,NULL,0,9844,Active,Odessa,17.959,G,54.94,163063,USD,TX
"2018-06-20 16:46:49",88610,FORD,F-650,2015,6.7,NULL,NULL,0,9844,Active,Odessa,6.487,G,20.1,1,USD,TX
"2018-06-18 10:25:53",88610,FORD,F-650,2015,6.7,NULL,NULL,0,9844,Active,Odessa,6.722,G,20.16,1,USD,TX
"2018-06-14 16:05:35",88610,FORD,F-650,2015,6.7,NULL,NULL,0,9844,Active,Midland,16.987,G,53.66,162606,USD,TX
"2018-06-13 01:27:43",88610,FORD,F-650,2015,6.7,NULL,NULL,0,9844,Active,Odessa,10.43,G,32.32,1,USD,TX
"2018-06-12 11:48:00",88610,FORD,F-650,2015,6.7,NULL,NULL,0,9844,Active,Odessa,17.873,G,55.39,162493,USD,TX
"2018-06-06 10:29:29",88610,FORD,F-650,2015,6.7,NULL,NULL,0,9844,Active,Odessa,13.89,G,41.66,162084,USD,TX
"2018-06-04 21:43:24",88610,FORD,F-650,2015,6.7,NULL,NULL,0,9844,Active,Odessa,7.244,G,21.72,1,USD,TX
"2018-06-04 14:59:29",88610,FORD,F-650,2015,6.7,NULL,NULL,0,9844,Active,Odessa,20.345,G,61.01,162061,USD,TX
"2018-05-31 09:40:00",88610,FORD,F-650,2015,6.7,NULL,NULL,0,9844,Active,Crane,18.717,G,54.82,161685,USD,TX
"2018-05-23 13:11:54",88610,FORD,F-650,2015,6.7,NULL,NULL,0,9844,Active,Odessa,18.392,G,57,161422,USD,TX
"2018-05-21 11:31:00",88610,FORD,F-650,2015,6.7,NULL,NULL,0,9844,Active,Odessa,18.612,G,55.82,161311,USD,TX
"2018-05-15 11:15:00",88610,FORD,F-650,2015,6.7,NULL,NULL,0,9844,Active,Odessa,19.915,G,58.93,161089,USD,TX
"2018-05-14 21:36:44",88610,FORD,F-650,2015,6.7,NULL,NULL,0,9844,Active,Odessa,8.683,G,25.17,160870,USD,TX
"2018-05-14 11:38:00",88610,FORD,F-650,2015,6.7,NULL,NULL,0,9844,Active,Odessa,6.941,G,20.54,1,USD,TX
"2018-05-10 21:44:54",88610,FORD,F-650,2015,6.7,NULL,NULL,0,9844,Active,Midland,23.129,G,67.05,160934,USD,TX
"2018-05-09 23:30:35",88610,FORD,F-650,2015,6.7,NULL,NULL,0,9844,Active,Odessa,6.88,G,19.95,1,USD,TX
"2018-05-08 23:21:00",88610,FORD,F-650,2015,6.7,NULL,NULL,0,9844,Active,Odessa,10.917,G,31.65,160826,USD,TX
"2018-05-08 11:14:00",88610,FORD,F-650,2015,6.7,NULL,NULL,0,9844,Active,Odessa,14.187,G,41.13,160777,USD,TX
"2018-05-07 12:16:39",88610,FORD,F-650,2015,6.7,NULL,NULL,0,9844,Active,Odessa,17.509,G,50.76,160709,USD,TX
"2018-05-03 12:07:41",88610,FORD,F-650,2015,6.7,NULL,NULL,0,9844,Active,Odessa,22.431,G,74,246506,USD,TX
"2018-05-01 22:51:30",88610,FORD,F-650,2015,6.7,NULL,NULL,0,9844,Active,Odessa,10.148,G,29.42,1,USD,TX
"2018-05-01 19:39:55",88610,FORD,F-650,2015,6.7,NULL,NULL,0,9844,Active,Odessa,16.898,G,52.37,246798,USD,TX
"2018-04-24 21:35:13",88610,FORD,F-650,2015,6.7,NULL,NULL,0,9844,Active,Odessa,11.582,G,32.42,1,USD,TX
"2018-04-23 11:16:00",88610,FORD,F-650,2015,6.7,NULL,NULL,0,9844,Active,Odessa,23.155,G,75,245955,USD,TX
"2018-04-18 11:40:00",88610,FORD,F-650,2015,6.7,NULL,NULL,0,9844,Active,Odessa,26.795,G,75,160135,USD,TX
"2018-04-10 11:24:00",88610,FORD,F-650,2015,6.7,NULL,NULL,0,9844,Active,Odessa,27.788,G,75,159942,USD,TX
"2018-04-09 13:38:58",88610,FORD,F-650,2015,6.7,NULL,NULL,0,9844,Active,Odessa,1.325,G,3.52,1,USD,TX
"2018-04-09 13:36:23",88610,FORD,F-650,2015,6.7,NULL,NULL,0,9844,Active,Odessa,1.936,G,6.04,1,USD,TX
"2018-04-05 11:52:01",88610,FORD,F-650,2015,6.7,NULL,NULL,0,9844,Active,Odessa,19.758,G,52.54,159557,USD,TX
"2018-04-03 11:34:00",88610,FORD,F-650,2015,6.7,NULL,NULL,0,9844,Active,Odessa,23.997,G,63.81,159416,USD,TX
"2018-04-02 23:55:48",88610,FORD,F-650,2015,6.7,NULL,NULL,0,9844,Active,Odessa,7.996,G,20.38,1,USD,TX
"2018-03-31 11:49:15",88610,FORD,F-650,2015,6.7,NULL,NULL,0,9844,Active,Odessa,24.899,G,66.21,159230,USD,TX
"2018-03-30 00:12:13",88610,FORD,F-650,2015,6.7,NULL,NULL,0,9844,Active,Odessa,9.657,G,25.1,1,USD,TX
"2018-03-27 12:58:00",88610,FORD,F-650,2015,6.7,NULL,NULL,0,9844,Active,Midland,29.081,G,75,158980,USD,TX
"2018-03-22 13:30:00",88610,FORD,F-650,2015,6.7,NULL,NULL,0,9844,Active,Odessa,28.857,G,75,158494,USD,TX
"2018-03-20 12:03:14",88610,FORD,F-650,2015,6.7,NULL,NULL,0,9844,Active,Odessa,11.887,G,30.89,158391,USD,TX
"2018-03-19 21:40:17",88610,FORD,F-650,2015,6.7,NULL,NULL,0,9844,Active,Odessa,10.91,G,27.92,1,USD,TX
"2018-03-19 11:08:00",88610,FORD,F-650,2015,6.7,NULL,NULL,0,9844,Active,Odessa,19.644,G,50.27,158240,USD,TX
"2018-03-15 20:08:00",88610,FORD,F-650,2015,6.7,NULL,NULL,0,9844,Active,Odessa,5.404,G,16.75,1,USD,TX
"2018-03-15 20:06:00",88610,FORD,F-650,2015,6.7,NULL,NULL,0,9844,Active,Odessa,4.63,G,11.85,1,USD,TX
"2018-03-12 22:01:00",88610,FORD,F-650,2015,6.7,NULL,NULL,0,9844,Active,Odessa,27.737,G,71.53,158039,USD,TX
"2018-03-08 23:15:44",88610,FORD,F-650,2015,6.7,NULL,NULL,0,9844,Active,Odessa,8.87,G,23.05,1,USD,TX
"2018-02-27 12:43:23",88610,FORD,F-650,2015,6.7,NULL,NULL,0,9844,Active,Odessa,23.092,G,59.09,157343,USD,TX
"2018-02-26 00:54:00",88610,FORD,F-650,2015,6.7,NULL,NULL,0,9844,Active,Odessa,9.848,G,25.2,1,USD,TX
"2018-02-25 10:56:37",88610,FORD,F-650,2015,6.7,NULL,NULL,0,9844,Active,Odessa,14.067,G,34.73,157111,USD,TX
"2018-02-22 16:21:00",88610,FORD,F-650,2015,6.7,NULL,NULL,0,9844,Active,Odessa,11.988,G,30.44,156916,USD,TX
"2018-02-21 23:35:03",88610,FORD,F-650,2015,6.7,NULL,NULL,0,9844,Active,Odessa,9.852,G,24.52,1,USD,TX
"2018-02-21 13:02:00",88610,FORD,F-650,2015,6.7,NULL,NULL,0,9844,Active,Odessa,10.789,G,27.61,156767,USD,TX
"2018-02-20 12:45:00",88610,FORD,F-650,2015,6.7,NULL,NULL,0,9844,Active,Odessa,10.812,G,27.67,252125,USD,TX
"2018-02-19 12:36:00",88610,FORD,F-650,2015,6.7,NULL,NULL,0,9844,Active,Odessa,26.193,G,67.03,156591,USD,TX
"2018-02-08 14:16:00",88610,FORD,F-650,2015,6.7,NULL,NULL,0,9844,Active,Midland,15.853,G,40.25,156204,USD,TX
"2018-02-07 12:24:00",88610,FORD,F-650,2015,6.7,NULL,NULL,0,9844,Active,Odessa,28.857,G,75,156100,USD,TX
"2018-01-08 13:29:00",88610,FORD,F-650,2015,6.7,NULL,NULL,0,9844,Active,Odessa,22.001,G,54.54,154218,USD,TX
"2018-01-04 12:27:50",88610,FORD,F-650,2015,6.7,NULL,NULL,0,9844,Active,Odessa,24.956,G,61.37,154024,USD,TX
"2018-01-02 12:33:25",88610,FORD,F-650,2015,6.7,NULL,NULL,0,9844,Active,Odessa,20.074,G,51.37,153812,USD,TX
"2018-01-01 21:33:00",88610,FORD,F-650,2015,6.7,NULL,NULL,0,9844,Active,Midland,13.904,G,43.37,1,USD,TX
"2018-01-01 21:31:00",88610,FORD,F-650,2015,6.7,NULL,NULL,0,9844,Active,Midland,21.495,G,53.72,153658,USD,TX
"2017-12-29 12:59:04",88610,FORD,F-650,2015,6.7,NULL,NULL,0,9844,Active,Odessa,26.499,G,65.16,153527,USD,TX
"2017-08-14 11:33:34",88610,FORD,F-650,2015,6.7,NULL,NULL,0,9844,Active,Odessa,19.249,G,42.33,54888,USD,TX
"2017-08-14 11:32:07",88610,FORD,F-650,2015,6.7,NULL,NULL,0,9844,Active,Odessa,14.144,G,34.78,41642,USD,TX
"2017-05-10 11:49:30",88610,FORD,F-650,2015,6.7,NULL,NULL,0,9844,Active,Odessa,4.064,G,9.59,36624,USD,TX
"2017-05-10 11:43:16",88610,FORD,F-650,2015,6.7,NULL,NULL,0,9844,Active,Odessa,24.766,G,66.84,36627,USD,TX
"2017-05-05 12:55:22",88610,FORD,F-650,2015,6.7,NULL,NULL,0,9844,Active,Odessa,23.042,G,64.82,36342,USD,TX
"2017-05-04 12:54:54",88610,FORD,F-650,2015,6.7,NULL,NULL,0,9844,Active,Odessa,19.842,G,46.81,54216,USD,TX
"2017-05-02 18:15:24",88610,FORD,F-650,2015,6.7,NULL,NULL,0,9844,Active,Odessa,7.476,G,17.64,8469,USD,TX
"2017-05-02 18:13:58",88610,FORD,F-650,2015,6.7,NULL,NULL,0,9844,Active,Odessa,22.425,G,64.02,3811,USD,TX
"2017-04-28 12:23:19",88610,FORD,F-650,2015,6.7,NULL,NULL,0,9844,Active,Odessa,23.243,G,63.66,35765,USD,TX
"2017-04-26 12:13:40",88610,FORD,F-650,2015,6.7,NULL,NULL,0,9844,Active,Odessa,20.399,G,48.12,147272,USD,TX
"2017-04-24 20:44:13",88610,FORD,F-650,2015,6.7,NULL,NULL,0,9844,Active,Odessa,25.667,G,73.09,35854,USD,TX
"2017-04-20 13:25:15",88610,FORD,F-650,2015,6.7,NULL,NULL,0,9844,Active,Odessa,20.046,G,47.29,166624,USD,TX
"2017-04-20 13:23:51",88610,FORD,F-650,2015,6.7,NULL,NULL,0,9844,Active,Odessa,26.795,G,76.25,35680,USD,TX
"2017-04-17 11:57:52",88610,FORD,F-650,2015,6.7,NULL,NULL,0,9844,Active,Odessa,24.068,G,68.62,35443,USD,TX
"2017-04-12 13:02:36",88610,FORD,F-650,2015,6.7,NULL,NULL,0,9844,Active,Odessa,23.563,G,67.2,35263,USD,TX
"2017-04-12 12:56:22",88610,FORD,F-650,2015,6.7,NULL,NULL,0,9844,Active,Odessa,5.057,G,12.13,3811,USD,TX
"2017-04-07 13:31:26",88610,FORD,F-650,2015,6.7,NULL,NULL,0,9844,Active,Odessa,19.243,G,55.11,35067,USD,TX
"2017-04-04 12:27:38",88610,FORD,F-650,2015,6.7,NULL,NULL,0,9844,Active,Odessa,27.447,G,71.33,34865,USD,TX
"2017-03-30 20:43:20",88610,FORD,F-650,2015,6.7,NULL,NULL,0,9844,Active,Odessa,26.198,G,71.96,34664,USD,TX
"2017-03-28 12:12:07",88610,FORD,F-650,2015,6.7,NULL,NULL,0,9844,Active,Odessa,20.786,G,44.88,145064,USD,TX
"2017-03-28 12:07:33",88610,FORD,F-650,2015,6.7,NULL,NULL,0,9844,Active,Odessa,29.308,G,76.25,34449,USD,TX
"2017-03-23 12:16:45",88610,FORD,F-650,2015,6.7,NULL,NULL,0,9844,Active,Odessa,23.163,G,50.01,745424,USD,TX
"2017-03-23 12:14:24",88610,FORD,F-650,2015,6.7,NULL,NULL,0,9844,Active,Odessa,30.133,G,75,34214,USD,TX
"2017-03-17 12:05:00",88610,FORD,F-650,2015,6.7,NULL,NULL,0,9844,Active,Crane,23.788,G,61.83,33382,USD,TX
"2017-03-14 12:07:18",88610,FORD,F-650,2015,6.7,NULL,NULL,0,9844,Active,Odessa,6.308,G,13.24,33741,USD,TX
"2017-03-14 12:02:31",88610,FORD,F-650,2015,6.7,NULL,NULL,0,9844,Active,Odessa,17.453,G,46.61,33774,USD,TX
"2017-03-09 17:30:55",88610,FORD,F-650,2015,6.7,NULL,NULL,0,9844,Active,Odessa,17.381,G,46.42,33455,USD,TX
"2017-03-07 13:49:00",88610,FORD,F-650,2015,6.7,NULL,NULL,0,9844,Active,Odessa,27.105,G,68.82,45,USD,TX
"2017-03-02 19:16:49",88610,FORD,F-650,2015,6.7,NULL,NULL,0,9844,Active,Odessa,16.742,G,35.14,3256,USD,TX
"2017-03-01 13:51:00",88610,FORD,F-650,2015,6.7,NULL,NULL,0,9844,Active,Odessa,23.362,G,58.85,33204,USD,TX
"2017-02-24 13:59:00",88610,FORD,F-650,2015,6.7,NULL,NULL,0,9844,Active,Odessa,8.066,G,20.32,85,USD,TX
"2017-02-24 13:59:00",88610,FORD,F-650,2015,6.7,NULL,NULL,0,9844,Active,Odessa,21.476,G,46.37,45321,USD,TX
"2017-02-21 14:03:00",88610,FORD,F-650,2015,6.7,NULL,NULL,0,9844,Active,Odessa,18.665,G,47.02,32566,USD,TX
"2017-02-17 13:49:00",88610,FORD,F-650,2015,6.7,NULL,NULL,0,9844,Active,Odessa,29.565,G,63.83,6841,USD,TX
"2017-02-17 13:48:00",88610,FORD,F-650,2015,6.7,NULL,NULL,0,9844,Active,Odessa,20.005,G,50.79,32838,USD,TX
"2017-02-13 13:08:00",88610,FORD,F-650,2015,6.7,NULL,NULL,0,9844,Active,Crane,25.945,G,66.39,32691,USD,TX
"2017-02-07 13:51:00",88610,FORD,F-650,2015,6.7,NULL,NULL,0,9844,Active,Odessa,22.11,G,55.25,32492,USD,TX
"2017-02-03 13:57:00",88610,FORD,F-650,2015,6.7,NULL,NULL,0,9844,Active,Odessa,21.882,G,54.68,41253,USD,TX
"2017-02-03 13:47:00",88610,FORD,F-650,2015,6.7,NULL,NULL,0,9844,Active,Odessa,20.994,G,43.23,35,USD,TX
"2017-01-30 13:10:40",88610,FORD,F-650,2015,6.7,NULL,NULL,0,9844,Active,Odessa,20.023,G,52.49,32212,USD,TX
"2017-01-26 13:59:00",88610,FORD,F-650,2015,6.7,NULL,NULL,0,9844,Active,Odessa,26.506,G,66.24,32010,USD,TX
"2017-01-26 13:51:00",88610,FORD,F-650,2015,6.7,NULL,NULL,0,9844,Active,Odessa,25.356,G,53.22,40,USD,TX
"2017-01-23 17:23:00",88610,FORD,F-650,2015,6.7,NULL,NULL,0,9844,Active,Odessa,26.392,G,66.48,31799,USD,TX
"2017-01-18 13:38:00",88610,FORD,F-650,2015,6.7,NULL,NULL,0,9844,Active,Odessa,24.014,G,51.85,54888,USD,TX
"2017-01-17 17:21:27",88610,FORD,F-650,2015,6.7,NULL,NULL,0,9844,Active,Odessa,4.726,G,9.92,31485,USD,TX
"2017-01-17 17:14:28",88610,FORD,F-650,2015,6.7,NULL,NULL,0,9844,Active,Odessa,18.436,G,49.17,31584,USD,TX
"2017-01-13 14:00:00",88610,FORD,F-650,2015,6.7,NULL,NULL,0,9844,Active,Odessa,27.504,G,70.38,30142,USD,TX
"2017-01-10 13:52:00",88610,FORD,F-650,2015,6.7,NULL,NULL,0,9844,Active,Odessa,20.004,G,51.19,54707,USD,TX
"2017-01-06 13:49:00",88610,FORD,F-650,2015,6.7,NULL,NULL,0,9844,Active,Odessa,20.101,G,51.44,504236,USD,TX
"2017-01-03 14:17:00",88610,FORD,F-650,2015,6.7,NULL,NULL,0,9844,Active,Odessa,20.173,G,50.41,53701,USD,TX
"2017-01-03 14:14:00",88610,FORD,F-650,2015,6.7,NULL,NULL,0,9844,Active,Odessa,28.177,G,60.83,101723,USD,TX
"2016-12-28 13:35:00",88610,FORD,F-650,2015,6.7,NULL,NULL,0,9844,Active,Odessa,29.16,G,60.04,101702,USD,TX
"2016-12-28 13:35:00",88610,FORD,F-650,2015,6.7,NULL,NULL,0,9844,Active,Odessa,18.704,G,46.74,30254,USD,TX
"2016-12-21 13:41:00",88610,FORD,F-650,2015,6.7,NULL,NULL,0,9844,Active,Odessa,20.495,G,50.4,35214,USD,TX
"2016-12-16 20:03:50",88610,FORD,F-650,2015,6.7,NULL,NULL,0,9844,Active,Odessa,23.991,G,61.2,31268,USD,TX
"2016-12-13 20:16:23",88610,FORD,F-650,2015,6.7,NULL,NULL,0,9844,Active,Odessa,19.36,G,39.86,324516,USD,TX
"2016-12-13 13:31:29",88610,FORD,F-650,2015,6.7,NULL,NULL,0,9844,Active,Odessa,19.352,G,49.61,53124,USD,TX
"2016-12-12 13:03:00",88610,FORD,F-650,2015,6.7,NULL,NULL,0,9844,Active,Odessa,13.909,G,27.25,116141,USD,TX
"2016-12-09 20:09:18",88610,FORD,F-650,2015,6.7,NULL,NULL,0,9844,Active,Odessa,16.967,G,43.65,52143,USD,TX
"2016-12-07 13:19:52",88610,FORD,F-650,2015,6.7,NULL,NULL,0,9844,Active,Odessa,23.537,G,60.07,524138,USD,TX
"2016-12-06 14:49:00",88610,FORD,F-650,2015,6.7,NULL,NULL,0,9844,Active,Odessa,24.965,G,48.91,11611,USD,TX
"2016-12-01 13:48:14",88610,FORD,F-650,2015,6.7,NULL,NULL,0,9844,Active,Odessa,28.591,G,69.84,31290,USD,TX
"2016-11-28 13:53:00",88610,FORD,F-650,2015,6.7,NULL,NULL,0,9844,Active,Odessa,26.762,G,63.67,31142,USD,TX
"2016-11-17 20:29:00",88610,FORD,F-650,2015,6.7,NULL,NULL,0,9844,Active,Odessa,0.585,G,1.11,30885,USD,TX
"2016-11-17 20:27:00",88610,FORD,F-650,2015,6.7,NULL,NULL,0,9844,Active,Odessa,22.521,G,53.58,30885,USD,TX
"2016-11-14 13:03:41",88610,FORD,F-650,2015,6.7,NULL,NULL,0,9844,Active,Odessa,30.012,G,75,3005,USD,TX
"2016-11-11 16:06:01",88610,FORD,F-650,2015,6.7,NULL,NULL,0,9844,Active,Odessa,24.439,G,47.88,51238,USD,TX
"2016-11-11 16:02:50",88610,FORD,F-650,2015,6.7,NULL,NULL,0,9844,Active,Odessa,1.101,G,3.89,30565,USD,TX
"2016-11-07 12:59:04",88610,FORD,F-650,2015,6.7,NULL,NULL,0,9844,Active,Odessa,30.397,G,76,30377,USD,TX
"2016-11-01 12:41:57",88610,FORD,F-650,2015,6.7,NULL,NULL,0,9844,Active,Odessa,19.521,G,49.25,30124,USD,TX
"2016-10-27 12:45:00",88610,FORD,F-650,2015,6.7,NULL,NULL,0,9844,Active,Odessa,26.691,G,65.37,29423,USD,TX
"2016-10-26 12:00:00",88610,FORD,F-650,2015,6.7,NULL,NULL,0,9844,Active,Odessa,16.341,G,32.67,63254,USD,TX
"2016-10-25 16:30:20",88610,FORD,F-650,2015,6.7,NULL,NULL,0,9844,Active,Odessa,18.679,G,47.18,39733,USD,TX
"2016-10-24 12:58:00",88610,FORD,F-650,2015,6.7,NULL,NULL,0,9844,Active,Odessa,24.601,G,56.56,24651,USD,TX
"2016-10-21 16:26:39",88610,FORD,F-650,2015,6.7,NULL,NULL,0,9844,Active,Odessa,21.128,G,54.05,29619,USD,TX
"2016-10-17 12:50:00",88610,FORD,F-650,2015,6.7,NULL,NULL,0,9844,Active,Odessa,3.21,G,6.42,39481,USD,TX
"2016-10-17 12:47:00",88610,FORD,F-650,2015,6.7,NULL,NULL,0,9844,Active,Odessa,28.041,G,69.79,39841,USD,TX
"2016-10-13 12:14:00",88610,FORD,F-650,2015,6.7,NULL,NULL,0,9844,Active,Odessa,16.919,G,42.28,29142,USD,TX
"2016-10-11 12:42:00",88610,FORD,F-650,2015,6.7,NULL,NULL,0,9844,Active,Odessa,33.42,G,68.81,101386,USD,TX
"2016-10-10 13:41:04",88610,FORD,F-650,2015,6.7,NULL,NULL,0,9844,Active,Odessa,28.792,G,72.05,28341,USD,TX
"2016-10-04 12:53:00",88610,FORD,F-650,2015,6.7,NULL,NULL,0,9844,Active,Odessa,23.435,G,54.58,54888,USD,TX
"2016-10-04 12:44:00",88610,FORD,F-650,2015,6.7,NULL,NULL,0,9844,Active,Odessa,27.294,G,53.47,23145,USD,TX
"2016-09-29 12:12:37",88610,FORD,F-650,2015,6.7,NULL,NULL,0,9844,Active,Odessa,24.568,G,58.71,28531,USD,TX
"2016-09-26 13:47:46",88610,FORD,F-650,2015,6.7,NULL,NULL,0,9844,Active,Odessa,25.312,G,60.96,28321,USD,TX
"2016-09-26 13:47:46",88610,FORD,F-650,2015,6.7,NULL,NULL,0,9844,Active,Odessa,25.312,G,60.96,28321,USD,TX
"2016-09-21 13:01:16",88610,FORD,F-650,2015,6.7,NULL,NULL,0,9844,Active,Odessa,24.764,G,48.51,28162,USD,TX
"2016-09-21 12:51:12",88610,FORD,F-650,2015,6.7,NULL,NULL,0,9844,Active,Odessa,31.507,G,75.58,28162,USD,TX
"0000-00-00 00:00:00",88610,FORD,F-650,2015,6.7,NULL,NULL,0,9844,Active,Orla,23.126,G,56.73,18803,USD,TX
"0000-00-00 00:00:00",88610,FORD,F-650,2015,6.7,NULL,NULL,0,9844,Active,Orla,20.048,G,49.35,81934,USD,TX
"0000-00-00 00:00:00",88610,FORD,F-650,2015,6.7,NULL,NULL,0,9844,Active,Odessa,36.648,G,128.02,82112,USD,TX
"0000-00-00 00:00:00",88610,FORD,F-650,2015,6.7,NULL,NULL,0,9844,Active,Loving,51,G,183.55,82450,USD,NM
"0000-00-00 00:00:00",88610,FORD,F-650,2015,6.7,NULL,NULL,0,9844,Active,Hobbs,10.755,G,33.33,72436,USD,NM
"0000-00-00 00:00:00",88610,FORD,F-650,2015,6.7,NULL,NULL,0,9844,Active,Hobbs,45.474,G,150.02,82681,USD,NM
"0000-00-00 00:00:00",88610,FORD,F-650,2015,6.7,NULL,NULL,0,9844,Active,Loving,15.671,G,51.7,827879,USD,NM
"0000-00-00 00:00:00",88610,FORD,F-650,2015,6.7,NULL,NULL,0,9844,Active,Midland,38.283,G,195.21,83040,USD,TX
"0000-00-00 00:00:00",88610,FORD,F-650,2015,6.7,NULL,NULL,0,9844,Active,Lovington,5.099,G,20.59,83180,USD,NM
"0000-00-00 00:00:00",88610,FORD,F-650,2015,6.7,NULL,NULL,0,9844,Active,Lovington,15.068,G,75.32,83180,USD,NM
"0000-00-00 00:00:00",88610,FORD,F-650,2015,6.7,NULL,NULL,0,9844,Active,Lovington,20.373,G,101.84,83350,USD,NM
"0000-00-00 00:00:00",88610,FORD,F-650,2015,6.7,NULL,NULL,0,9844,Active,Lovington,21.999,G,109.97,83575,USD,NM
"0000-00-00 00:00:00",88610,FORD,F-650,2015,6.7,NULL,NULL,0,9844,Active,Lovington,20.95,G,104.73,83746,USD,NM
"0000-00-00 00:00:00",88610,FORD,F-650,2015,6.7,NULL,NULL,0,9844,Active,Lovington,30.427,G,152.1,84065,USD,NM
"0000-00-00 00:00:00",88610,FORD,F-650,2015,6.7,NULL,NULL,0,9844,Active,Lovington,14.542,G,72.7,84407,USD,NM
"0000-00-00 00:00:00",88610,FORD,F-650,2015,6.7,NULL,NULL,0,9844,Active,Lovington,18.015,G,90.06,84275,USD,NM
"0000-00-00 00:00:00",88610,FORD,F-650,2015,6.7,NULL,NULL,0,9844,Active,Loving,35.721,G,200,84773,USD,NM
"0000-00-00 00:00:00",88610,FORD,F-650,2015,6.7,NULL,NULL,0,9844,Active,Hobbs,18.152,G,98,85116,USD,NM
"0000-00-00 00:00:00",88610,FORD,F-650,2015,6.7,NULL,NULL,0,9844,Active,Hobbs,19.68,G,106.25,85116,USD,NM
"0000-00-00 00:00:00",88610,FORD,F-650,2015,6.7,NULL,NULL,0,9844,Active,Hobbs,5.135,G,22.59,85298,USD,NM
"0000-00-00 00:00:00",88610,FORD,F-650,2015,6.7,NULL,NULL,0,9844,Active,Hobbs,19.357,G,104.51,85298,USD,NM
"0000-00-00 00:00:00",88610,FORD,F-650,2015,6.7,NULL,NULL,0,9844,Active,Hobbs,24.012,G,129.64,85526,USD,NM
"0000-00-00 00:00:00",88610,FORD,F-650,2015,6.7,NULL,NULL,0,9844,Active,Hobbs,16.089,G,86.86,85701,USD,NM
"0000-00-00 00:00:00",88610,FORD,F-650,2015,6.7,NULL,NULL,0,9844,Active,Hobbs,22.534,G,123.91,85881,USD,NM
"0000-00-00 00:00:00",88610,FORD,F-650,2015,6.7,NULL,NULL,0,9844,Active,Hobbs,27.881,G,153.32,86127,USD,NM
"0000-00-00 00:00:00",88610,FORD,F-650,2015,6.7,NULL,NULL,0,9844,Active,Hobbs,23.349,G,128.4,86322,USD,NM
"0000-00-00 00:00:00",88610,FORD,F-650,2015,6.7,NULL,NULL,0,9844,Active,Hobbs,29.234,G,159.3,86583,USD,NM
"0000-00-00 00:00:00",88610,FORD,F-650,2015,6.7,NULL,NULL,0,9844,Active,Hobbs,22.456,G,122.36,86826,USD,NM
"0000-00-00 00:00:00",88610,FORD,F-650,2015,6.7,NULL,NULL,0,9844,Active,Hobbs,20.061,G,110.32,86978,USD,NM
"0000-00-00 00:00:00",88610,FORD,F-650,2015,6.7,NULL,NULL,0,9844,Active,Hobbs,20.097,G,94.44,87214,USD,NM
"0000-00-00 00:00:00",88610,FORD,F-650,2015,6.7,NULL,NULL,0,9844,Active,Hobbs,20.459,G,112.5,87214,USD,NM
"0000-00-00 00:00:00",88610,FORD,F-650,2015,6.7,NULL,NULL,0,9844,Active,Hobbs,19.966,G,109.79,87400,USD,NM
"0000-00-00 00:00:00",88610,FORD,F-650,2015,6.7,NULL,NULL,0,9844,Active,Carlsbad,24.671,G,138.13,87613,USD,NM
"0000-00-00 00:00:00",88610,FORD,F-650,2015,6.7,NULL,NULL,0,9844,Active,Hobbs,35.698,G,196.3,87912,USD,NM
"0000-00-00 00:00:00",88610,FORD,F-650,2015,6.7,NULL,NULL,0,9844,Active,Loving,14.499,G,69.58,87990,USD,NM
"0000-00-00 00:00:00",88610,FORD,F-650,2015,6.7,NULL,NULL,0,9844,Active,Hobbs,28.726,G,157.96,88213,USD,NM
"0000-00-00 00:00:00",88610,FORD,F-650,2015,6.7,NULL,NULL,0,9844,Active,Loving,10.755,G,60.22,88401,USD,NM
"0000-00-00 00:00:00",88610,FORD,F-650,2015,6.7,NULL,NULL,0,9844,Active,Loving,8.84,G,49.5,88401,USD,NM
"0000-00-00 00:00:00",88610,FORD,F-650,2015,6.7,NULL,NULL,0,9844,Active,Hobbs,23.482,G,129.13,88264,USD,NM
"0000-00-00 00:00:00",88610,FORD,F-650,2015,6.7,NULL,NULL,0,9844,Active,Hobbs,21.112,G,116.09,88970,USD,NM
"0000-00-00 00:00:00",88610,FORD,F-650,2015,6.7,NULL,NULL,0,9844,Active,Hobbs,15.63,G,85.95,88786,USD,NM
"0000-00-00 00:00:00",88610,FORD,F-650,2015,6.7,NULL,NULL,0,9844,Active,Hobbs,30.059,G,165.29,89269,USD,NM
"0000-00-00 00:00:00",88610,FORD,F-650,2015,6.7,NULL,NULL,0,9844,Active,Hobbs,27.312,G,150.19,87798,USD,NM
"0000-00-00 00:00:00",88610,FORD,F-650,2015,6.7,NULL,NULL,0,9844,Active,Hobbs,32.945,G,181.16,87556,USD,NM
"0000-00-00 00:00:00",88610,FORD,F-650,2015,6.7,NULL,NULL,0,9844,Active,Hobbs,36.197,G,199.05,88080,USD,NM
"0000-00-00 00:00:00",88610,FORD,F-650,2015,6.7,NULL,NULL,0,9844,Active,Hobbs,21.585,G,118.7,88201,USD,NM
"0000-00-00 00:00:00",88610,FORD,F-650,2015,6.7,NULL,NULL,0,9844,Active,Hobbs,18.894,G,103.9,88597,USD,NM
"0000-00-00 00:00:00",88610,FORD,F-650,2015,6.7,NULL,NULL,0,9844,Active,Hobbs,27.592,G,151.73,88569,USD,NM
"0000-00-00 00:00:00",88610,FORD,F-650,2015,6.7,NULL,NULL,0,9844,Active,Hobbs,38.469,G,201.25,91247,USD,NM
"0000-00-00 00:00:00",88610,FORD,F-650,2015,6.7,NULL,NULL,0,9844,Active,Loving,34.345,G,181.99,91530,USD,NM
"0000-00-00 00:00:00",88610,FORD,F-650,2015,6.7,NULL,NULL,0,9844,Active,Loving,2.682,G,11.53,91530,USD,NM
"0000-00-00 00:00:00",88610,FORD,F-650,2015,6.7,NULL,NULL,0,9844,Active,Eunice,23.128,G,117.93,91753,USD,NM
"0000-00-00 00:00:00",88610,FORD,F-650,2015,6.7,NULL,NULL,0,9844,Active,Hobbs,37.281,G,197.55,92084,USD,NM
"0000-00-00 00:00:00",88610,FORD,F-650,2015,6.7,NULL,NULL,0,9844,Active,Loving,30.915,G,160.73,92388,USD,NM
"0000-00-00 00:00:00",88610,FORD,F-650,2015,6.7,NULL,NULL,0,9844,Active,Hobbs,26.311,G,128.9,92618,USD,NM
"0000-00-00 00:00:00",88610,FORD,F-650,2015,6.7,NULL,NULL,0,9844,Active,Hobbs,40.902,G,192.2,93022,USD,NM
"0000-00-00 00:00:00",88610,FORD,F-650,2015,6.7,NULL,NULL,0,9844,Active,Hobbs,33.164,G,157.5,93355,USD,NM
"0000-00-00 00:00:00",88610,FORD,F-650,2015,6.7,NULL,NULL,0,9844,Active,Hobbs,4.943,G,18.43,93564,USD,NM
"0000-00-00 00:00:00",88610,FORD,F-650,2015,6.7,NULL,NULL,0,9844,Active,Hobbs,21.633,G,105.98,93564,USD,NM
"0000-00-00 00:00:00",88610,FORD,F-650,2015,6.7,NULL,NULL,0,9844,Active,Hobbs,20.001,G,97.98,93763,USD,NM
"0000-00-00 00:00:00",88610,FORD,F-650,2015,6.7,NULL,NULL,0,9844,Active,Hobbs,28.528,G,139.76,94048,USD,NM
"0000-00-00 00:00:00",88610,FORD,F-650,2015,6.7,NULL,NULL,0,9844,Active,Hobbs,23.614,G,115.68,94277,USD,NM
"0000-00-00 00:00:00",88610,FORD,F-650,2015,6.7,NULL,NULL,0,9844,Active,Loving,31.498,G,157.46,94407,USD,NM
"0000-00-00 00:00:00",88610,FORD,F-650,2015,6.7,NULL,NULL,0,9844,Active,Loving,9.143,G,36.56,1,USD,NM
"0000-00-00 00:00:00",88610,FORD,F-650,2015,6.7,NULL,NULL,0,9844,Active,Loving,25.439,G,126.66,94860,USD,NM
"0000-00-00 00:00:00",88610,FORD,F-650,2015,6.7,NULL,NULL,0,9844,Active,Jal,23.069,G,125.8,94599,USD,NM
"0000-00-00 00:00:00",88610,FORD,F-650,2015,6.7,NULL,NULL,0,9844,Active,Loving,6.768,G,26.39,1,USD,NM
"0000-00-00 00:00:00",88610,FORD,F-650,2015,6.7,NULL,NULL,0,9844,Active,Loving,20.19,G,100.53,94996,USD,NM
"0000-00-00 00:00:00",88610,FORD,F-650,2015,6.7,NULL,NULL,0,9844,Active,Loving,6.416,G,25.02,1,USD,NM
"0000-00-00 00:00:00",88610,FORD,F-650,2015,6.7,NULL,NULL,0,9844,Active,Loving,12.861,G,47.57,1,USD,NM
"0000-00-00 00:00:00",88610,FORD,F-650,2015,6.7,NULL,NULL,0,9844,Active,Loving,6.972,G,25.79,1,USD,NM
"0000-00-00 00:00:00",88610,FORD,F-650,2015,6.7,NULL,NULL,0,9844,Active,Loving,6.99,G,27.6,1,USD,NM
"0000-00-00 00:00:00",88610,FORD,F-650,2015,6.7,NULL,NULL,0,9844,Active,Loving,5.071,G,18.5,1,USD,NM
"0000-00-00 00:00:00",88610,FORD,F-650,2015,6.7,NULL,NULL,0,9844,Active,Loving,16.188,G,76.07,95315,USD,NM
"0000-00-00 00:00:00",88610,FORD,F-650,2015,6.7,NULL,NULL,0,9844,Active,Loving,9.052,G,32.58,1,USD,NM
"0000-00-00 00:00:00",88610,FORD,F-650,2015,6.7,NULL,NULL,0,9844,Active,Loving,28.696,G,134.84,95582,USD,NM
"0000-00-00 00:00:00",88610,FORD,F-650,2015,6.7,NULL,NULL,0,9844,Active,Loving,21.885,G,102.84,95730,USD,NM
"0000-00-00 00:00:00",88610,FORD,F-650,2015,6.7,NULL,NULL,0,9844,Active,Loving,7.78,G,28,1,USD,NM
"0000-00-00 00:00:00",88610,FORD,F-650,2015,6.7,NULL,NULL,0,9844,Active,Loving,8.183,G,29.45,1,USD,NM
"0000-00-00 00:00:00",88610,FORD,F-650,2015,6.7,NULL,NULL,0,9844,Active,Loving,6.465,G,29.09,1,USD,NM
"0000-00-00 00:00:00",88610,FORD,F-650,2015,6.7,NULL,NULL,0,9844,Active,Loving,4.747,G,18.03,1,USD,NM
"0000-00-00 00:00:00",88610,FORD,F-650,2015,6.7,NULL,NULL,0,9844,Active,Loving,20.93,G,98.35,95852,USD,NM
"0000-00-00 00:00:00",88610,FORD,F-650,2015,6.7,NULL,NULL,0,9844,Active,Loving,4.956,G,18.83,1,USD,NM
"0000-00-00 00:00:00",88610,FORD,F-650,2015,6.7,NULL,NULL,0,9844,Active,Loving,18.214,G,90.14,95971,USD,NM
"0000-00-00 00:00:00",88610,FORD,F-650,2015,6.7,NULL,NULL,0,9844,Active,Loving,8.89,G,33.77,1,USD,NM
"0000-00-00 00:00:00",88610,FORD,F-650,2015,6.7,NULL,NULL,0,9844,Active,Loving,25.6,G,126.69,96134,USD,NM
"0000-00-00 00:00:00",88610,FORD,F-650,2015,6.7,NULL,NULL,0,9844,Active,Loving,7.828,G,29.5,1,USD,NM
"0000-00-00 00:00:00",88610,FORD,F-650,2015,6.7,NULL,NULL,0,9844,Active,Loving,3.231,G,13.24,1,USD,NM
"0000-00-00 00:00:00",88610,FORD,F-650,2015,6.7,NULL,NULL,0,9844,Active,Loving,7.202,G,26.64,1,USD,NM
"0000-00-00 00:00:00",88610,FORD,F-650,2015,6.7,NULL,NULL,0,9844,Active,Loving,32.608,G,159.75,84143,USD,NM
"0000-00-00 00:00:00",88610,FORD,F-650,2015,6.7,NULL,NULL,0,9844,Active,Loving,6.036,G,25.35,1,USD,NM
"0000-00-00 00:00:00",88610,FORD,F-650,2015,6.7,NULL,NULL,0,9844,Active,Loving,30.796,G,150.87,84676,USD,NM
"0000-00-00 00:00:00",88610,FORD,F-650,2015,6.7,NULL,NULL,0,9844,Active,Loving,22.466,G,110.06,96297,USD,NM
"0000-00-00 00:00:00",88610,FORD,F-650,2015,6.7,NULL,NULL,0,9844,Active,Loving,19.119,G,93.66,96444,USD,NM
"0000-00-00 00:00:00",88610,FORD,F-650,2015,6.7,NULL,NULL,0,9844,Active,Loving,13.988,G,50.34,1,USD,NM
"0000-00-00 00:00:00",88610,FORD,F-650,2015,6.7,NULL,NULL,0,9844,Active,Loving,7.634,G,32.82,1,USD,NM
"0000-00-00 00:00:00",88610,FORD,F-650,2015,6.7,NULL,NULL,0,9844,Active,Loving,26.58,G,130.22,96682,USD,NM
"0000-00-00 00:00:00",88610,FORD,F-650,2015,6.7,NULL,NULL,0,9844,Active,Loving,9.008,G,36.02,1,USD,NM
"0000-00-00 00:00:00",88610,FORD,F-650,2015,6.7,NULL,NULL,0,9844,Active,Loving,4.452,G,20.92,1,USD,NM
"0000-00-00 00:00:00",88610,FORD,F-650,2015,6.7,NULL,NULL,0,9844,Active,Loving,3.676,G,17.27,1,USD,NM
"0000-00-00 00:00:00",88610,FORD,F-650,2015,6.7,NULL,NULL,0,9844,Active,Lovington,34.789,G,173.91,86647,USD,NM
"0000-00-00 00:00:00",88610,FORD,F-650,2015,6.7,NULL,NULL,0,9844,Active,Loving,21.747,G,108.71,96863,USD,NM
"0000-00-00 00:00:00",88610,FORD,F-650,2015,6.7,NULL,NULL,0,9844,Active,Loving,23.601,G,117.98,87114,USD,NM
"0000-00-00 00:00:00",88610,FORD,F-650,2015,6.7,NULL,NULL,0,9844,Active,Loving,19.948,G,99.72,97011,USD,NM
"0000-00-00 00:00:00",88610,FORD,F-650,2015,6.7,NULL,NULL,0,9844,Active,Loving,6.123,G,28.16,1,USD,NM
"0000-00-00 00:00:00",88610,FORD,F-650,2015,6.7,NULL,NULL,0,9844,Active,Loving,3.918,G,15.67,1,USD,NM
"0000-00-00 00:00:00",88610,FORD,F-650,2015,6.7,NULL,NULL,0,9844,Active,Loving,22.448,G,112.22,97165,USD,NM
"0000-00-00 00:00:00",88610,FORD,F-650,2015,6.7,NULL,NULL,0,9844,Active,Loving,29.373,G,146.84,97462,USD,NM
"0000-00-00 00:00:00",88610,FORD,F-650,2015,6.7,NULL,NULL,0,9844,Active,Loving,4.892,G,22.99,1,USD,NM
"0000-00-00 00:00:00",88610,FORD,F-650,2015,6.7,NULL,NULL,0,9844,Active,Loving,13.29,G,57.13,1,USD,NM
"0000-00-00 00:00:00",88610,FORD,F-650,2015,6.7,NULL,NULL,0,9844,Active,Loving,20.637,G,101.1,87332,USD,NM
"0000-00-00 00:00:00",88610,FORD,F-650,2015,6.7,NULL,NULL,0,9844,Active,Lovington,22.276,G,106.9,97855,USD,NM
"0000-00-00 00:00:00",88610,FORD,F-650,2015,6.7,NULL,NULL,0,9844,Active,Lovington,17.842,G,85.62,98024,USD,NM
"0000-00-00 00:00:00",88610,FORD,F-650,2015,6.7,NULL,NULL,0,9844,Active,Lovington,29.791,G,142.97,97677,USD,NM
"0000-00-00 00:00:00",88610,FORD,F-650,2015,6.7,NULL,NULL,0,9844,Active,Lovington,16.688,G,80.09,98191,USD,NM
"0000-00-00 00:00:00",88610,FORD,F-650,2015,6.7,NULL,NULL,0,9844,Active,Loving,25.877,G,124.18,98453,USD,NM
"0000-00-00 00:00:00",88610,FORD,F-650,2015,6.7,NULL,NULL,0,9844,Active,Loving,18.527,G,88.91,98638,USD,NM
"0000-00-00 00:00:00",88610,FORD,F-650,2015,6.7,NULL,NULL,0,9844,Active,Lovington,13.975,G,66.37,98745,USD,NM
"0000-00-00 00:00:00",88610,FORD,F-650,2015,6.7,NULL,NULL,0,9844,Active,Lovington,17.117,G,80.43,98913,USD,NM
"0000-00-00 00:00:00",88610,FORD,F-650,2015,6.7,NULL,NULL,0,9844,Active,Lovington,16.976,G,79.77,99078,USD,NM
"0000-00-00 00:00:00",88610,FORD,F-650,2015,6.7,NULL,NULL,0,9844,Active,Loving,23.217,G,111.42,97341,USD,NM
"0000-00-00 00:00:00",88610,FORD,F-650,2015,6.7,NULL,NULL,0,9844,Active,Loving,15.963,G,76.61,99524,USD,NM
"0000-00-00 00:00:00",88610,FORD,F-650,2015,6.7,NULL,NULL,0,9844,Active,Lovington,18.076,G,84.22,99994,USD,NM
"0000-00-00 00:00:00",88610,FORD,F-650,2015,6.7,NULL,NULL,0,9844,Active,Lovington,29.698,G,138.36,99806,USD,NM
"0000-00-00 00:00:00",88610,FORD,F-650,2015,6.7,NULL,NULL,0,9844,Active,Loving,22.127,G,81.85,132218,USD,NM
"0000-00-00 00:00:00",88610,FORD,F-650,2015,6.7,NULL,NULL,0,9844,Active,Lovington,16.91,G,78.78,179,USD,NM
"0000-00-00 00:00:00",88610,FORD,F-650,2015,6.7,NULL,NULL,0,9844,Active,Lovington,22.892,G,104.14,404,USD,NM
"0000-00-00 00:00:00",88610,FORD,F-650,2015,6.7,NULL,NULL,0,9844,Active,Lovington,21.296,G,96.88,607,USD,NM
"0000-00-00 00:00:00",88610,FORD,F-650,2015,6.7,NULL,NULL,0,9844,Active,Lovington,17.74,G,78.04,806,USD,NM
"0000-00-00 00:00:00",88610,FORD,F-650,2015,6.7,NULL,NULL,0,9844,Active,Lovington,19.23,G,84.59,100985,USD,NM
"0000-00-00 00:00:00",88610,FORD,F-650,2015,6.7,NULL,NULL,0,9844,Active,Lovington,17.807,G,78.33,101164,USD,NM
"0000-00-00 00:00:00",88610,FORD,F-650,2015,6.7,NULL,NULL,0,9844,Active,Lovington,17.426,G,75.96,101350,USD,NM
"0000-00-00 00:00:00",88610,FORD,F-650,2015,6.7,NULL,NULL,0,9844,Active,Loving,23.341,G,105.01,101611,USD,NM
"0000-00-00 00:00:00",88610,FORD,F-650,2015,6.7,NULL,NULL,0,9844,Active,Loving,23.694,G,104.23,101819,USD,NM
"0000-00-00 00:00:00",88610,FORD,F-650,2015,6.7,NULL,NULL,0,9844,Active,Lovington,18.698,G,81.32,101085,USD,NM
"0000-00-00 00:00:00",88610,FORD,F-650,2015,6.7,NULL,NULL,0,9844,Active,Lovington,22.496,G,96.71,102187,USD,NM
"0000-00-00 00:00:00",88610,FORD,F-650,2015,6.7,NULL,NULL,0,9844,Active,Lovington,20.856,G,89.66,102570,USD,NM
"0000-00-00 00:00:00",88610,FORD,F-650,2015,6.7,NULL,NULL,0,9844,Active,Lovington,17.277,G,74.27,102362,USD,NM
"0000-00-00 00:00:00",88610,FORD,F-650,2015,6.7,NULL,NULL,0,9844,Active,Lovington,17.906,G,76.98,102752,USD,NM
"0000-00-00 00:00:00",88610,FORD,F-650,2015,6.7,NULL,NULL,0,9844,Active,Loving,24.475,G,110.11,103019,USD,NM
"0000-00-00 00:00:00",88610,FORD,F-650,2015,6.7,NULL,NULL,0,9844,Active,Lovington,17.735,G,73.94,103375,USD,NM
"0000-00-00 00:00:00",88610,FORD,F-650,2015,6.7,NULL,NULL,0,9844,Active,Lovington,21.314,G,89.5,103189,USD,NM
"0000-00-00 00:00:00",88610,FORD,F-650,2015,6.7,NULL,NULL,0,9844,Active,Lovington,25.63,G,110.18,103629,USD,NM
"0000-00-00 00:00:00",88610,FORD,F-650,2015,6.7,NULL,NULL,0,9844,Active,Lovington,18.222,G,80.16,103813,USD,NM
"0000-00-00 00:00:00",88610,FORD,F-650,2015,6.7,NULL,NULL,0,9844,Active,Lovington,22.019,G,96.86,104025,USD,NM
"0000-00-00 00:00:00",88610,FORD,F-650,2015,6.7,NULL,NULL,0,9844,Active,Lovington,18.512,G,81.43,104215,USD,NM
"0000-00-00 00:00:00",88610,FORD,F-650,2015,6.7,NULL,NULL,0,9844,Active,Lovington,18.863,G,82.98,104586,USD,NM
"0000-00-00 00:00:00",88610,FORD,F-650,2015,6.7,NULL,NULL,0,9844,Active,Lovington,17.635,G,77.58,104409,USD,NM
"0000-00-00 00:00:00",88610,FORD,F-650,2015,6.7,NULL,NULL,0,9844,Active,Loving,24.974,G,114.86,104842,USD,NM
"0000-00-00 00:00:00",88610,FORD,F-650,2015,6.7,NULL,NULL,0,9844,Active,Lovington,12.557,G,55.24,104956,USD,NM
"0000-00-00 00:00:00",88610,FORD,F-650,2015,6.7,NULL,NULL,0,9844,Active,Lovington,24.462,G,107.61,105176,USD,NM
"0000-00-00 00:00:00",88610,FORD,F-650,2015,6.7,NULL,NULL,0,9844,Active,Lovington,0.103,G,0.45,105363,USD,NM
"0000-00-00 00:00:00",88610,FORD,F-650,2015,6.7,NULL,NULL,0,9844,Active,Lovington,12.946,G,56.95,105363,USD,NM
"0000-00-00 00:00:00",88610,FORD,F-650,2015,6.7,NULL,NULL,0,9844,Active,Lovington,0.047,G,0.21,105363,USD,NM
"0000-00-00 00:00:00",88610,FORD,F-650,2015,6.7,NULL,NULL,0,9844,Active,Lovington,29.39,G,128.7,105550,USD,NM
"0000-00-00 00:00:00",88610,FORD,F-650,2015,6.7,NULL,NULL,0,9844,Active,Lovington,20.003,G,87.59,105866,USD,NM
"0000-00-00 00:00:00",88610,FORD,F-650,2015,6.7,NULL,NULL,0,9844,Active,Lovington,17.762,G,77.42,106230,USD,NM
"0000-00-00 00:00:00",88610,FORD,F-650,2015,6.7,NULL,NULL,0,9844,Active,Lovington,18.03,G,78.59,106050,USD,NM
"0000-00-00 00:00:00",88610,FORD,F-650,2015,6.7,NULL,NULL,0,9844,Active,Lovington,1.072,G,4.65,106411,USD,NM
"0000-00-00 00:00:00",88610,FORD,F-650,2015,6.7,NULL,NULL,0,9844,Active,Lovington,19.45,G,84.39,106413,USD,NM
"0000-00-00 00:00:00",88610,FORD,F-650,2015,6.7,NULL,NULL,0,9844,Active,Lovington,15.555,G,66.87,106587,USD,NM
"0000-00-00 00:00:00",88610,FORD,F-650,2015,6.7,NULL,NULL,0,9844,Active,Lovington,1.241,G,5.34,106587,USD,NM
"0000-00-00 00:00:00",88610,FORD,F-650,2015,6.7,NULL,NULL,0,9844,Active,Loving,27.712,G,124.68,106867,USD,NM
"0000-00-00 00:00:00",88610,FORD,F-650,2015,6.7,NULL,NULL,0,9844,Active,Loving,21.209,G,95.42,107045,USD,NM
"0000-00-00 00:00:00",88610,FORD,F-650,2015,6.7,NULL,NULL,0,9844,Active,Loving,17.565,G,79.02,107232,USD,NM
"0000-00-00 00:00:00",88610,FORD,F-650,2015,6.7,NULL,NULL,0,9844,Active,Loving,26.696,G,120.11,107556,USD,NM
"0000-00-00 00:00:00",88610,FORD,F-650,2015,6.7,NULL,NULL,0,9844,Active,Lovington,0.303,G,1.26,107587,USD,NM
"0000-00-00 00:00:00",88610,FORD,F-650,2015,6.7,NULL,NULL,0,9844,Active,Lovington,21.254,G,88.61,107413,USD,NM
"0000-00-00 00:00:00",88610,FORD,F-650,2015,6.7,NULL,NULL,0,9844,Active,Loving,19.091,G,85.89,107875,USD,NM
"0000-00-00 00:00:00",88610,FORD,F-650,2015,6.7,NULL,NULL,0,9844,Active,Loving,26.056,G,117.23,108096,USD,NM
"0000-00-00 00:00:00",88610,FORD,F-650,2015,6.7,NULL,NULL,0,9844,Active,Loving,14.147,G,63.36,108273,USD,NM
"0000-00-00 00:00:00",88610,FORD,F-650,2015,6.7,NULL,NULL,0,9844,Active,Lovington,10.857,G,43.2,108379,USD,NM
"0000-00-00 00:00:00",88610,FORD,F-650,2015,6.7,NULL,NULL,0,9844,Active,Loving,17.296,G,77.47,108515,USD,NM
"0000-00-00 00:00:00",88610,FORD,F-650,2015,6.7,NULL,NULL,0,9844,Active,Loving,5.952,G,26.66,108562,USD,NM
"0000-00-00 00:00:00",88610,FORD,F-650,2015,6.7,NULL,NULL,0,9844,Active,Loving,34.926,G,156.43,108908,USD,NM
"0000-00-00 00:00:00",88610,FORD,F-650,2015,6.7,NULL,NULL,0,9844,Active,Loving,18.997,G,85.09,109097,USD,NM
"0000-00-00 00:00:00",88610,FORD,F-650,2015,6.7,NULL,NULL,0,9844,Active,Loving,23.158,G,103.72,109324,USD,NM
"0000-00-00 00:00:00",88610,FORD,F-650,2015,6.7,NULL,NULL,0,9844,Active,Loving,18.006,G,80.65,109502,USD,NM
"0000-00-00 00:00:00",88610,FORD,F-650,2015,6.7,NULL,NULL,0,9844,Active,Loving,18.16,G,81.34,109681,USD,NM
"0000-00-00 00:00:00",88610,FORD,F-650,2015,6.7,NULL,NULL,0,9844,Active,Loving,19.553,G,87.58,109862,USD,NM
"0000-00-00 00:00:00",88610,FORD,F-650,2015,6.7,NULL,NULL,0,9844,Active,Loving,15.797,G,70.75,110025,USD,NM
"0000-00-00 00:00:00",88610,FORD,F-650,2015,6.7,NULL,NULL,0,9844,Active,Loving,18.574,G,83.19,110205,USD,NM
"0000-00-00 00:00:00",88610,FORD,F-650,2015,6.7,NULL,NULL,0,9844,Active,Lovington,29.671,G,117.47,110485,USD,NM
"0000-00-00 00:00:00",88610,FORD,F-650,2015,6.7,NULL,NULL,0,9844,Active,Loving,24.903,G,111.04,110741,USD,NM
"0000-00-00 00:00:00",88610,FORD,F-650,2015,6.7,NULL,NULL,0,9844,Active,Loving,19.586,G,87.33,110935,USD,NM
"0000-00-00 00:00:00",88610,FORD,F-650,2015,6.7,NULL,NULL,0,9844,Active,Loving,18.783,G,82.63,111112,USD,NM
"0000-00-00 00:00:00",88610,FORD,F-650,2015,6.7,NULL,NULL,0,9844,Active,Lovington,9.911,G,39.24,111204,USD,NM
"0000-00-00 00:00:00",88610,FORD,F-650,2015,6.7,NULL,NULL,0,9844,Active,Loving,25.919,G,114.02,111444,USD,NM
"0000-00-00 00:00:00",88610,FORD,F-650,2015,6.7,NULL,NULL,0,9844,Active,Loving,20.446,G,89.94,111638,USD,NM
"0000-00-00 00:00:00",88610,FORD,F-650,2015,6.7,NULL,NULL,0,9844,Active,Loving,18.139,G,79.79,111817,USD,NM
"0000-00-00 00:00:00",88610,FORD,F-650,2015,6.7,NULL,NULL,0,9844,Active,Lovington,12.576,G,49.16,111919,USD,NM
"0000-00-00 00:00:00",88610,FORD,F-650,2015,6.7,NULL,NULL,0,9844,Active,Lovington,16.978,G,66.37,112098,USD,NM
"0000-00-00 00:00:00",88610,FORD,F-650,2015,6.7,NULL,NULL,0,9844,Active,Lovington,21.642,G,84.6,112293,USD,NM
"0000-00-00 00:00:00",88610,FORD,F-650,2015,6.7,NULL,NULL,0,9844,Active,Lovington,14.99,G,57.1,112449,USD,NM
"0000-00-00 00:00:00",88610,FORD,F-650,2015,6.7,NULL,NULL,0,9844,Active,Lovington,16.66,G,63.46,112627,USD,NM
"0000-00-00 00:00:00",88610,FORD,F-650,2015,6.7,NULL,NULL,0,9844,Active,Lovington,18.566,G,70.72,112984,USD,NM
"0000-00-00 00:00:00",88610,FORD,F-650,2015,6.7,NULL,NULL,0,9844,Active,Lovington,18.254,G,69.53,112805,USD,NM
"0000-00-00 00:00:00",88610,FORD,F-650,2015,6.7,NULL,NULL,0,9844,Active,Lovington,18.655,G,71.06,113165,USD,NM
"0000-00-00 00:00:00",88610,FORD,F-650,2015,6.7,NULL,NULL,0,9844,Active,Lovington,20.307,G,77.35,113367,USD,NM
"0000-00-00 00:00:00",88610,FORD,F-650,2015,6.7,NULL,NULL,0,9844,Active,Lovington,17.608,G,67.07,113741,USD,NM
"0000-00-00 00:00:00",88610,FORD,F-650,2015,6.7,NULL,NULL,0,9844,Active,Lovington,20.01,G,76.22,113560,USD,NM
"0000-00-00 00:00:00",88610,FORD,F-650,2015,6.7,NULL,NULL,0,9844,Active,Loving,32.059,G,139.42,114070,USD,NM
"0000-00-00 00:00:00",88610,FORD,F-650,2015,6.7,NULL,NULL,0,9844,Active,Loving,17.577,G,76.09,114260,USD,NM
"0000-00-00 00:00:00",88610,FORD,F-650,2015,6.7,NULL,NULL,0,9844,Active,Loving,17.965,G,77.77,114442,USD,NM
"0000-00-00 00:00:00",88610,FORD,F-650,2015,6.7,NULL,NULL,0,9844,Active,Lovington,17.584,G,65.22,113754,USD,NM
"0000-00-00 00:00:00",88610,FORD,F-650,2015,6.7,NULL,NULL,0,9844,Active,Lovington,18.468,G,68.5,114915,USD,NM
"0000-00-00 00:00:00",88610,FORD,F-650,2015,6.7,NULL,NULL,0,9844,Active,Lovington,13.531,G,50.19,114454,USD,NM
"0000-00-00 00:00:00",88610,FORD,F-650,2015,6.7,NULL,NULL,0,9844,Active,Lovington,19.762,G,73.3,115106,USD,NM
"0000-00-00 00:00:00",88610,FORD,F-650,2015,6.7,NULL,NULL,0,9844,Active,Lovington,18.883,G,70.04,115386,USD,NM
"0000-00-00 00:00:00",88610,FORD,F-650,2015,6.7,NULL,NULL,0,9844,Active,Lovington,17.705,G,65.67,115466,USD,NM
"0000-00-00 00:00:00",88610,FORD,F-650,2015,6.7,NULL,NULL,0,9844,Active,Lovington,22.785,G,84.51,115673,USD,NM
"0000-00-00 00:00:00",88610,FORD,F-650,2015,6.7,NULL,NULL,0,9844,Active,Loving,26.57,G,115.02,115949,USD,NM
"0000-00-00 00:00:00",88610,FORD,F-650,2015,6.7,NULL,NULL,0,9844,Active,Lovington,10.11,G,37.5,116047,USD,NM
"0000-00-00 00:00:00",88610,FORD,F-650,2015,6.7,NULL,NULL,0,9844,Active,Lovington,18.012,G,66.81,116609,USD,NM
"0000-00-00 00:00:00",88610,FORD,F-650,2015,6.7,NULL,NULL,0,9844,Active,Lovington,17.452,G,64.73,116233,USD,NM
"0000-00-00 00:00:00",88610,FORD,F-650,2015,6.7,NULL,NULL,0,9844,Active,Lovington,19.029,G,70.58,116425,USD,NM
"0000-00-00 00:00:00",88610,FORD,F-650,2015,6.7,NULL,NULL,0,9844,Active,Lovington,15.974,G,59.25,116789,USD,NM
"0000-00-00 00:00:00",88610,FORD,F-650,2015,6.7,NULL,NULL,0,9844,Active,Lovington,17.961,G,66.62,116968,USD,NM
"0000-00-00 00:00:00",88610,FORD,F-650,2015,6.7,NULL,NULL,0,9844,Active,Lovington,18.304,G,67.89,117155,USD,NM
"0000-00-00 00:00:00",88610,FORD,F-650,2015,6.7,NULL,NULL,0,9844,Active,Lovington,19.053,G,70.67,117338,USD,NM
"0000-00-00 00:00:00",88610,FORD,F-650,2015,6.7,NULL,NULL,0,9844,Active,Lovington,18.061,G,66.99,117527,USD,NM
"0000-00-00 00:00:00",88610,FORD,F-650,2015,6.7,NULL,NULL,0,9844,Active,Lovington,20.115,G,74.61,117706,USD,NM
"0000-00-00 00:00:00",88610,FORD,F-650,2015,6.7,NULL,NULL,0,9844,Active,Lovington,22.998,G,85.3,117913,USD,NM
"0000-00-00 00:00:00",88610,FORD,F-650,2015,6.7,NULL,NULL,0,9844,Active,Lovington,20.442,G,75.82,118113,USD,NM
"0000-00-00 00:00:00",88610,FORD,F-650,2015,6.7,NULL,NULL,0,9844,Active,Loving,23.1,G,100,118387,USD,NM
"0000-00-00 00:00:00",88610,FORD,F-650,2015,6.7,NULL,NULL,0,9844,Active,Lovington,15.616,G,57.92,118484,USD,NM
"0000-00-00 00:00:00",88610,FORD,F-650,2015,6.7,NULL,NULL,0,9844,Active,Lovington,17.95,G,66.58,118664,USD,NM
"0000-00-00 00:00:00",88610,FORD,F-650,2015,6.7,NULL,NULL,0,9844,Active,Lovington,19.773,G,73.34,118844,USD,NM
"0000-00-00 00:00:00",88610,FORD,F-650,2015,6.7,NULL,NULL,0,9844,Active,Lovington,18.846,G,68.96,119023,USD,NM
"0000-00-00 00:00:00",88610,FORD,F-650,2015,6.7,NULL,NULL,0,9844,Active,Lovington,24.506,G,89.67,119272,USD,NM
"0000-00-00 00:00:00",88610,FORD,F-650,2015,6.7,NULL,NULL,0,9844,Active,Lovington,23.798,G,86.84,119481,USD,NM
"0000-00-00 00:00:00",88610,FORD,F-650,2015,6.7,NULL,NULL,0,9844,Active,Lovington,2.817,G,10.31,119847,USD,NM
"0000-00-00 00:00:00",88610,FORD,F-650,2015,6.7,NULL,NULL,0,9844,Active,Lovington,17.091,G,61.51,119847,USD,NM
"0000-00-00 00:00:00",88610,FORD,F-650,2015,6.7,NULL,NULL,0,9844,Active,Lovington,18.834,G,68.73,119661,USD,NM
"0000-00-00 00:00:00",88610,FORD,F-650,2015,6.7,NULL,NULL,0,9844,Active,Lovington,19.857,G,71.47,120033,USD,NM
"0000-00-00 00:00:00",88610,FORD,F-650,2015,6.7,NULL,NULL,0,9844,Active,Lovington,16.824,G,59.88,120308,USD,NM
"0000-00-00 00:00:00",88610,FORD,F-650,2015,6.7,NULL,NULL,0,9844,Active,Lovington,15.352,G,55.25,120388,USD,NM
"0000-00-00 00:00:00",88610,FORD,F-650,2015,6.7,NULL,NULL,0,9844,Active,Lovington,22.012,G,90.23,126159,USD,NM
"0000-00-00 00:00:00",88610,FORD,F-650,2015,6.7,NULL,NULL,0,9844,Active,Hobbs,4.361,G,15.26,1,USD,NM
"0000-00-00 00:00:00",88610,FORD,F-650,2015,6.7,NULL,NULL,0,9844,Active,Hobbs,12.46,G,54.81,132205,USD,NM
"0000-00-00 00:00:00",88610,FORD,F-650,2015,6.7,NULL,NULL,0,9844,Active,Hobbs,21.372,G,94.02,132588,USD,NM
"0000-00-00 00:00:00",88610,FORD,F-650,2015,6.7,NULL,NULL,0,9844,Active,Hobbs,19.515,G,85.85,132963,USD,NM
"0000-00-00 00:00:00",88610,FORD,F-650,2015,6.7,NULL,NULL,0,9844,Active,Hobbs,22.196,G,97.64,133529,USD,NM
"0000-00-00 00:00:00",88610,FORD,F-650,2015,6.7,NULL,NULL,0,9844,Active,Hobbs,17.451,G,76.77,134219,USD,NM
"0000-00-00 00:00:00",88610,FORD,F-650,2015,6.7,NULL,NULL,0,9844,Active,Odessa,28.328,G,131.53,134857,USD,TX
"0000-00-00 00:00:00",88610,FORD,F-650,2015,6.7,NULL,NULL,0,9844,Active,Hobbs,22.202,G,99.89,136958,USD,NM
"0000-00-00 00:00:00",88610,FORD,F-650,2015,6.7,NULL,NULL,0,9844,Active,Hobbs,22.715,G,102.19,137718,USD,NM
"0000-00-00 00:00:00",88610,FORD,F-650,2015,6.7,NULL,NULL,0,9844,Active,Hobbs,33.309,G,146.53,140359,USD,NM
"0000-00-00 00:00:00",88610,FORD,F-650,2015,6.7,NULL,NULL,0,9844,Active,Carlsbad,31.633,G,126.5,228811,USD,NM
"0000-00-00 00:00:00",88610,FORD,F-650,2015,6.7,NULL,NULL,0,9844,Active,Hobbs,19.809,G,77.24,230436,USD,NM
"0000-00-00 00:00:00",88610,FORD,F-650,2015,6.7,NULL,NULL,0,9844,Active,Hobbs,38.873,G,150.01,231779,USD,NM
"0000-00-00 00:00:00",88610,FORD,F-650,2015,6.7,NULL,NULL,0,9844,Active,Hobbs,20.568,G,78.14,145128,USD,NM
"0000-00-00 00:00:00",88610,FORD,F-650,2015,6.7,NULL,NULL,0,9844,Active,Hobbs,35.594,G,134.15,145286,USD,NM
"0000-00-00 00:00:00",88610,FORD,F-650,2015,6.7,NULL,NULL,0,9844,Active,Hobbs,20.708,G,78.05,145643,USD,NM
"0000-00-00 00:00:00",88610,FORD,F-650,2015,6.7,NULL,NULL,0,9844,Active,Hobbs,21.881,G,82.47,145480,USD,NM
"0000-00-00 00:00:00",88610,FORD,F-650,2015,6.7,NULL,NULL,0,9844,Active,Hobbs,35.565,G,134.04,146195,USD,NM
"0000-00-00 00:00:00",88610,FORD,F-650,2015,6.7,NULL,NULL,0,9844,Active,Hobbs,8.766,G,38.94,146371,USD,NM
"0000-00-00 00:00:00",88610,FORD,F-650,2015,6.7,NULL,NULL,0,9844,Active,Hobbs,28.607,G,114.4,147209,USD,NM
"0000-00-00 00:00:00",88610,FORD,F-650,2015,6.7,NULL,NULL,0,9844,Active,Hobbs,5.519,G,15.67,1,USD,NM
"0000-00-00 00:00:00",88610,FORD,F-650,2015,6.7,NULL,NULL,0,9844,Active,Hobbs,19.912,G,77.64,149887,USD,NM
"0000-00-00 00:00:00",88610,FORD,F-650,2015,6.7,NULL,NULL,0,9844,Active,Hobbs,0.02,G,1.34,150059,USD,NM
"0000-00-00 00:00:00",88610,FORD,F-650,2015,6.7,NULL,NULL,0,9844,Active,Loving,11.9,G,47.6,103458,USD,NM
